1080,-10.67
1080.02,-10.55
1080.04,-10
1080.06,-9.57
1080.08,-9.39
1080.1,-9.12
1080.12,-9.97
1080.14,-8.82
1080.16,-8.7
1080.18,-8.63
1080.2,-8.2
1080.22,-8
1080.24,-7.13
1080.26,-7.67
1080.28,-6.94
1080.3,-7.14
1080.32,-6.78
1080.34,-6.36
1080.36,-6.29
1080.38,-5.44
1080.4,-4.45
1080.42,-4.5
1080.44,-3.71
1080.46,-4.2
1080.48,-3.1
1080.5,-3.14
1080.52,-1.81
1080.54,-1.09
1080.56,-0.44
1080.58,0.82
1080.6,1.93
1080.62,2.72
1080.64,4.32
1080.66,4.95
1080.68,5.1
1080.7,12.66
1080.72,5.51
1080.74,4.85
1080.76,-0.99
1080.78,-7
1080.8,-1.96
1080.82,3.17
1080.84,6.28
1080.86,12.87
1080.88,-33.29
1080.9,-28.41
1080.92,-30.85
1080.94,-27.13
1080.96,-11.11
1080.98,-22.22
1081,-26.07
1081.02,-26.32
1081.04,-23.1
1081.06,-23.95
1081.08,-25.86
1081.1,16.7
1081.12,17.49
1081.14,18.56
1081.16,18.87
1081.18,19.74
1081.2,17.57
1081.22,21.74
1081.24,15.01
1081.26,16.84
1081.28,17.36
1081.3,17.59
1081.32,17.99
1081.34,17.92
1081.36,17.05
1081.38,16.3
1081.4,15.95
1081.42,15.55
1081.44,15.08
1081.46,14.23
1081.48,13.42
1081.5,12.18
1081.52,11.07
1081.54,10.36
1081.56,8.92
1081.58,7.51
1081.6,5.63
1081.62,4.62
1081.64,3.57
1081.66,2.44
1081.68,0.49
1081.7,-1.18
1081.72,-3.08
1081.74,-4.33
1081.76,-5.96
1081.78,-7.5
1081.8,-8.63
1081.82,-9.35
1081.84,-10.54
1081.86,-11.56
1081.88,-12.99
1081.9,-14.66
1081.92,-15.5
1081.94,-16.14
1081.96,-16.86
1081.98,-17.79
1082,-18.86
1082.02,-19.87
1082.04,-19.81
1082.06,-21.03
1082.08,-22.75
1082.1,-19.19
1082.12,-18.4
1082.14,-22.63
1082.16,-23.28
1082.18,-19.79
1082.2,-22.58
1082.22,2.41
1082.24,-6.32
1082.26,-24.87
1082.28,-22.03
1082.3,-22.94
1082.32,-20.66
1082.34,-20.86
1082.36,-18.34
1082.38,-18.8
1082.4,-13.86
1082.42,-16.54
1082.44,-14.58
1082.46,-18.22
1082.48,-17.02
1082.5,-12.12
1082.52,-12.73
1082.54,-13.8
1082.56,-11.11
1082.58,-11.33
1082.6,-10.52
1082.62,-10.31
1082.64,-9.01
1082.66,-8.04
1082.68,-6.88
1082.7,-6.19
1082.72,-4.63
1082.74,-4.27
1082.76,-3.74
1082.78,-2.37
1082.8,-0.53
1082.82,0.39
1082.84,1.9
1082.86,2.88
1082.88,4.75
1082.9,5.5
1082.92,6.4
1082.94,6.61
1082.96,7.71
1082.98,8.26
1083,8.75
1083.02,9.19
1083.04,10.69
1083.06,12.1
1083.08,13.96
1083.1,14.76
1083.12,15.8
1083.14,15.73
1083.16,16.88
1083.18,13.25
1083.2,14.54
1083.22,18.14
1083.24,18.96
1083.26,17.5
1083.28,19.07
1083.3,19.66
1083.32,23.24
1083.34,16.24
1083.36,15.33
1083.38,16.1
1083.4,17.72
1083.42,17.6
1083.44,17.27
1083.46,17.31
1083.48,17.59
1083.5,16.76
1083.52,15.49
1083.54,13.79
1083.56,13.53
1083.58,12.83
1083.6,12.27
1083.62,12.31
1083.64,11.6
1083.66,10.71
1083.68,8.85
1083.7,8.74
1083.72,8.2
1083.74,6.71
1083.76,5.63
1083.78,4.51
1083.8,3.19
1083.82,2.3
1083.84,0.42
1083.86,-1.21
1083.88,-2.22
1083.9,-3.68
1083.92,-4.72
1083.94,-5.99
1083.96,-6.75
1083.98,-7.94
1084,-8.89
1084.02,-9.98
1084.04,-11.03
1084.06,-12.22
1084.08,-13.36
1084.1,-14.72
1084.12,-15.91
1084.14,-16.19
1084.16,-17.09
1084.18,-17.94
1084.2,-20.05
1084.22,-21.73
1084.24,-20.79
1084.26,-20.27
1084.28,-21.96
1084.3,-21.97
1084.32,-21.67
1084.34,17.39
1084.36,13.08
1084.38,-29.86
1084.4,-30.55
1084.42,-29.83
1084.44,-30.24
1084.46,-30.57
1084.48,-28.98
1084.5,-29.61
1084.52,-31.48
1084.54,-30.57
1084.56,-31.44
1084.58,-30.46
1084.6,-30.25
1084.62,-29.03
1084.64,-29.07
1084.66,-29.06
1084.68,-28.04
1084.7,-28.35
1084.72,-27.84
1084.74,-26.97
1084.76,-26.43
1084.78,-24.86
1084.8,-24.84
1084.82,-23.4
1084.84,-22.12
1084.86,-20.99
1084.88,-20.39
1084.9,-18.52
1084.92,-17.31
1084.94,-16.03
1084.96,-15.42
1084.98,-13.79
1085,-12.81
1085.02,-11.98
1085.04,-7.23
1085.06,-5.41
1085.08,-5.4
1085.1,-4.13
1085.12,-3.47
1085.14,-2.12
1085.16,-0.85
1085.18,0.39
1085.2,2.88
1085.22,5.05
1085.24,7.81
1085.26,9.45
1085.28,10.38
1085.3,-31.31
1085.32,-30.31
1085.34,-29.05
1085.36,-28.03
1085.38,-25.3
1085.4,16.33
1085.42,16.96
1085.44,17.79
1085.46,18.97
1085.48,19.86
1085.5,18.66
1085.52,19.9
1085.54,19.91
1085.56,20.02
1085.58,19.68
1085.6,20.55
1085.62,20.22
1085.64,19.55
1085.66,20.28
1085.68,21.2
1085.7,19.42
1085.72,18.55
1085.74,18.35
1085.76,17.5
1085.78,16.69
1085.8,15.13
1085.82,14.64
1085.84,14.07
1085.86,13.61
1085.88,11.09
1085.9,9.51
1085.92,7.15
1085.94,6.54
1085.96,5.67
1085.98,5.72
1086,5.38
1086.02,6.17
1086.04,2.73
1086.06,0.98
1086.08,0.94
1086.1,-1.4
1086.12,-3.45
1086.14,-4.42
1086.16,-4.72
1086.18,-5.82
1086.2,-6.41
1086.22,-7.27
1086.24,-7.53
1086.26,-8.96
1086.28,-9.53
1086.3,-10.57
1086.32,-12.34
1086.34,-13.35
1086.36,-13.76
1086.38,-14.31
1086.4,-15.11
1086.42,-14.97
1086.44,-15.86
1086.46,-17.61
1086.48,-16.63
1086.5,-15.87
1086.52,-16.37
1086.54,-17.59
1086.56,-17.5
1086.58,-17.43
1086.6,-17.88
1086.62,-19.79
1086.64,-19.61
1086.66,-20.48
1086.68,-20.94
1086.7,-20.55
1086.72,-22.61
1086.74,-20.84
1086.76,-21.19
1086.78,-20.29
1086.8,-18.53
1086.82,-20.07
1086.84,-19.24
1086.86,-16.64
1086.88,-17.69
1086.9,-17.31
1086.92,-18.99
1086.94,-18.02
1086.96,-18.04
1086.98,-18.55
1087,-17.52
1087.02,-18.87
1087.04,-18.59
1087.06,-17.19
1087.08,-16.35
1087.1,-15.87
1087.12,-15.49
1087.14,-14.16
1087.16,-13.83
1087.18,-14.59
1087.2,-14.66
1087.22,-14.41
1087.24,-13.61
1087.26,-14.03
1087.28,-13.79
1087.3,-13.06
1087.32,-11.82
1087.34,-9.65
1087.36,-9.33
1087.38,-8.5
1087.4,-9.48
1087.42,-9.93
1087.44,-7.5
1087.46,-6.95
1087.48,16.16
1087.5,16.44
1087.52,39.53
1087.54,-20.37
1087.56,20.4
1087.58,19.69
1087.6,-2.01
1087.62,-3.07
1087.64,-1.27
1087.66,-0.72
1087.68,1.98
1087.7,7.39
1087.72,3.22
1087.74,4.24
1087.76,4.38
1087.78,5.8
1087.8,5.64
1087.82,6.68
1087.84,7.7
1087.86,9.12
1087.88,11.26
1087.9,11.07
1087.92,11.57
1087.94,12.76
1087.96,11.01
1087.98,10.61
1088,9.88
1088.02,9.46
1088.04,9.03
1088.06,9.39
1088.08,9.47
1088.1,8.96
1088.12,9.53
1088.14,9.91
1088.16,9.7
1088.18,9.69
1088.2,9.46
1088.22,9.5
1088.24,9.12
1088.26,9.81
1088.28,8.62
1088.3,8.38
1088.32,9.27
1088.34,9.32
1088.36,7.48
1088.38,6.84
1088.4,7.71
1088.42,8.01
1088.44,5.86
1088.46,5.46
1088.48,5.89
1088.5,-6.34
1088.52,3.25
1088.54,3.57
1088.56,3.89
1088.58,2.84
1088.6,2.28
1088.62,2.9
1088.64,1.9
1088.66,2.63
1088.68,3.13
1088.7,1.47
1088.72,2.53
1088.74,1.75
1088.76,3.4
1088.78,3.31
1088.8,2
1088.82,1.97
1088.84,1.98
1088.86,1.43
1088.88,1.25
1088.9,0.37
1088.92,0.77
1088.94,1.58
1088.96,0.95
1088.98,0.82
1089,0.04
1089.02,-0.02
1089.04,-0.2
1089.06,-1.11
1089.08,-1.74
1089.1,-2.49
1089.12,-1.11
1089.14,-0.26
1089.16,-1.81
1089.18,-0.16
1089.2,-2.01
1089.22,-1.61
1089.24,-4.27
1089.26,-4.33
1089.28,-3.76
1089.3,-4.48
1089.32,-3.87
1089.34,-4.04
1089.36,-5.26
1089.38,-5.15
1089.4,-5.22
1089.42,-5.35
1089.44,-6.48
1089.46,-5.94
1089.48,-6.44
1089.5,-5.9
1089.52,-7.04
1089.54,-8.99
1089.56,-9.51
1089.58,-9.6
1089.6,-9.84
1089.62,-9.46
1089.64,-8.44
1089.66,-9.8
1089.68,-10.1
1089.7,-10.6
1089.72,-11.82
1089.74,-12.97
1089.76,-13.62
1089.78,-13.41
1089.8,-13.12
1089.82,-14.83
1089.84,-14.05
1089.86,-13.21
1089.88,-13.44
1089.9,-13.61
1089.92,-14.11
1089.94,-13.72
1089.96,-11.76
1089.98,-13.91
1090,-15.44
1090.02,-12.5
1090.04,-11.46
1090.06,-11.78
1090.08,-11.27
1090.1,-10.97
1090.12,-11.61
1090.14,-11.12
1090.16,-10.41
1090.18,-11.88
1090.2,-11.46
1090.22,-9.97
1090.24,-9.77
1090.26,-8.13
1090.28,-7.94
1090.3,-6.69
1090.32,-4.93
1090.34,-4.71
1090.36,-2.89
1090.38,-1.2
1090.4,-1.63
1090.42,1.32
1090.44,2.8
1090.46,2.34
1090.48,4.44
1090.5,5.53
1090.52,5.95
1090.54,7.18
1090.56,7.79
1090.58,8.46
1090.6,8.3
1090.62,9.16
1090.64,9.59
1090.66,10.81
1090.68,11.15
1090.7,11.33
1090.72,12.23
1090.74,12.41
1090.76,11.39
1090.78,12.78
1090.8,12.56
1090.82,12.13
1090.84,11.75
1090.86,11.57
1090.88,11.42
1090.9,12.42
1090.92,12.22
1090.94,11.81
1090.96,10.77
1090.98,10.66
1091,8.79
1091.02,8.55
1091.04,7.66
1091.06,7.67
1091.08,7.34
1091.1,7.07
1091.12,6.74
1091.14,6.14
1091.16,6.13
1091.18,6.58
1091.2,5.76
1091.22,4.8
1091.24,4.42
1091.26,4.47
1091.28,4.44
1091.3,4.19
1091.32,4.1
1091.34,3.86
1091.36,3.19
1091.38,4.09
1091.4,2.38
1091.42,2.47
1091.44,2.28
1091.46,2.22
1091.48,1.04
1091.5,0.49
1091.52,0.43
1091.54,-0.07
1091.56,-0.4
1091.58,-1.17
1091.6,-2.32
1091.62,-1.61
1091.64,-2.42
1091.66,-2.71
1091.68,-2.92
1091.7,-3.57
1091.72,-3.81
1091.74,-4.17
1091.76,-5.09
1091.78,-4.86
1091.8,-5.3
1091.82,-5.37
1091.84,-5.58
1091.86,-6.07
1091.88,-6.54
1091.9,-6.12
1091.92,-6.39
1091.94,-7.51
1091.96,-6.71
1091.98,-6.84
1092,-7.98
1092.02,-8.65
1092.04,-8.41
1092.06,-9
1092.08,-8.62
1092.1,-9.19
1092.12,-9.77
1092.14,-10.61
1092.16,-11.54
1092.18,-11.52
1092.2,-11.8
1092.22,-12.29
1092.24,-12.21
1092.26,-12.49
1092.28,-13.52
1092.3,-13.46
1092.32,-13.05
1092.34,-13.15
1092.36,-13.61
1092.38,-13.58
1092.4,-14.22
1092.42,-14.19
1092.44,-14.59
1092.46,-14.27
1092.48,-14.3
1092.5,-14.05
1092.52,-14.12
1092.54,-15.1
1092.56,-16.06
1092.58,-16.02
1092.6,-15.08
1092.62,-15.11
1092.64,-16.78
1092.66,-17.58
1092.68,-17.09
1092.7,-17.52
1092.72,-16.56
1092.74,-14.86
1092.76,-14.64
1092.78,-14.28
1092.8,-14.65
1092.82,-13.88
1092.84,-13.77
1092.86,-12.58
1092.88,-10.36
1092.9,-9.29
1092.92,-7.91
1092.94,-7.01
1092.96,-4.86
1092.98,-3.8
1093,-4.12
1093.02,-2.79
1093.04,-3.92
1093.06,-3.89
1093.08,-2.76
1093.1,-1.61
1093.12,1.35
1093.14,3.69
1093.16,5.98
1093.18,6.32
1093.2,7.31
1093.22,10.35
1093.24,8.83
1093.26,9.05
1093.28,10.11
1093.3,11.38
1093.32,13.59
1093.34,15.67
1093.36,16.05
1093.38,16.26
1093.4,16.9
1093.42,17.61
1093.44,18.42
1093.46,18.69
1093.48,19.75
1093.5,19.71
1093.52,21.84
1093.54,21.96
1093.56,21.32
1093.58,20.66
1093.6,20.98
1093.62,22.47
1093.64,21.83
1093.66,21.83
1093.68,21.64
1093.7,21.4
1093.72,21.19
1093.74,19.29
1093.76,18.65
1093.78,18.71
1093.8,18.35
1093.82,17.57
1093.84,15.7
1093.86,16.1
1093.88,16.29
1093.9,15.38
1093.92,14.63
1093.94,13.36
1093.96,12.98
1093.98,11.72
1094,10.31
1094.02,9.83
1094.04,8.17
1094.06,6.3
1094.08,5.67
1094.1,4.64
1094.12,2.91
1094.14,2.63
1094.16,1.8
1094.18,0.76
1094.2,0.06
1094.22,-0.57
1094.24,-1.89
1094.26,-2.31
1094.28,-3.16
1094.3,-4.13
1094.32,-5.47
1094.34,-6.76
1094.36,-7.83
1094.38,-7.82
1094.4,-8.48
1094.42,-8.99
1094.44,-9.16
1094.46,-9.19
1094.48,-9.5
1094.5,-11.19
1094.52,-11.28
1094.54,-11.02
1094.56,-11.62
1094.58,-11.6
1094.6,-11.27
1094.62,-12.68
1094.64,-11.56
1094.66,-11.8
1094.68,-12.11
1094.7,-11.87
1094.72,-12.43
1094.74,-11.43
1094.76,-11.67
1094.78,-12.11
1094.8,-12.2
1094.82,-11.82
1094.84,-11.27
1094.86,-12.13
1094.88,-12.63
1094.9,-13.34
1094.92,-12.84
1094.94,-12.91
1094.96,-12.99
1094.98,-13.4
1095,-13.25
1095.02,-13.77
1095.04,-13.2
1095.06,-13.69
1095.08,-13.82
1095.1,-14.05
1095.12,-14.21
1095.14,-14.77
1095.16,-15.19
1095.18,-16.62
1095.2,-16.26
1095.22,-15.01
1095.24,-15.12
1095.26,-15.33
1095.28,-14.97
1095.3,-15.15
1095.32,-16.37
1095.34,-17.23
1095.36,-17.91
1095.38,-16.48
1095.4,-16.48
1095.42,-16.57
1095.44,-15.92
1095.46,-15.53
1095.48,-14.68
1095.5,-14.51
1095.52,-13.92
1095.54,-13.43
1095.56,-13.54
1095.58,-12.92
1095.6,-12.45
1095.62,-11.82
1095.64,-11.32
1095.66,-10.69
1095.68,-9.75
1095.7,-9.4
1095.72,-7.83
1095.74,-7.4
1095.76,-6.24
1095.78,-5.84
1095.8,-3.98
1095.82,-2.64
1095.84,-1.56
1095.86,-0.65
1095.88,0.54
1095.9,1.95
1095.92,3.03
1095.94,3.9
1095.96,5.12
1095.98,6.57
1096,7.67
1096.02,9.34
1096.04,10.54
1096.06,11.39
1096.08,12.6
1096.1,13.71
1096.12,14.77
1096.14,15.31
1096.16,15.95
1096.18,16.14
1096.2,15.97
1096.22,15.79
1096.24,16.13
1096.26,15.82
1096.28,16.41
1096.3,16.48
1096.32,16.41
1096.34,16.76
1096.36,16.21
1096.38,16.33
1096.4,14.79
1096.42,14.76
1096.44,14.54
1096.46,13.81
1096.48,13.08
1096.5,12.98
1096.52,11.57
1096.54,11.49
1096.56,11.43
1096.58,10.31
1096.6,9.38
1096.62,9.15
1096.64,8.48
1096.66,7.99
1096.68,7.29
1096.7,7.04
1096.72,6.84
1096.74,6.67
1096.76,6.56
1096.78,6.34
1096.8,6.02
1096.82,6.26
1096.84,5.98
1096.86,5.52
1096.88,5.72
1096.9,5.52
1096.92,5.77
1096.94,5.72
1096.96,5
1096.98,5.36
1097,5.48
1097.02,5
1097.04,5.18
1097.06,5.35
1097.08,5.87
1097.1,5.76
1097.12,6.19
1097.14,6.08
1097.16,5.97
1097.18,6.19
1097.2,5.96
1097.22,5.76
1097.24,5.65
1097.26,4.87
1097.28,4.99
1097.3,4.9
1097.32,4.92
1097.34,4.25
1097.36,4.04
1097.38,3.51
1097.4,3.31
1097.42,3.32
1097.44,2.75
1097.46,2.33
1097.48,1.9
1097.5,1.3
1097.52,0.71
1097.54,0.31
1097.56,-0.02
1097.58,-1.18
1097.6,-1.33
1097.62,-1.87
1097.64,-2.22
1097.66,-2.28
1097.68,-2.77
1097.7,-2.59
1097.72,-3.72
1097.74,-4.3
1097.76,-4.81
1097.78,-5
1097.8,-5.23
1097.82,-5.2
1097.84,-5.8
1097.86,-6.09
1097.88,-6.13
1097.9,-6.65
1097.92,-6.79
1097.94,-6.29
1097.96,-6.29
1097.98,-6.4
1098,-6.36
1098.02,-6.36
1098.04,-6.57
1098.06,-6.5
1098.08,-6.39
1098.1,-5.89
1098.12,-6.11
1098.14,-5.54
1098.16,-5.62
1098.18,-5.66
1098.2,-5.35
1098.22,-5.23
1098.24,-5.3
1098.26,-5.38
1098.28,-4.84
1098.3,-4.88
1098.32,-4.63
1098.34,-4.29
1098.36,-4.14
1098.38,-4.16
1098.4,-4.06
1098.42,-3.81
1098.44,-3.71
1098.46,-3.59
1098.48,-3.64
1098.5,-3.52
1098.52,-3.65
1098.54,-3.62
1098.56,-3.56
1098.58,-4.18
1098.6,-4.26
1098.62,-4.51
1098.64,-4.7
1098.66,-4.98
1098.68,-5.09
1098.7,-5.32
1098.72,-5.25
1098.74,-5.21
1098.76,-5.64
1098.78,-6.07
1098.8,-7.25
1098.82,-7.27
1098.84,-7.17
1098.86,-6.5
1098.88,-7.13
1098.9,-8.41
1098.92,-8.35
1098.94,-8.59
1098.96,-9.04
1098.98,-8.7
1099,-7.85
1099.02,-8.09
1099.04,-8.32
1099.06,-8.42
1099.08,-8.43
1099.1,-7.73
1099.12,-7.37
1099.14,-7.15
1099.16,-6.81
1099.18,-6.11
1099.2,-6.43
1099.22,-6.23
1099.24,-5.36
1099.26,-4.46
1099.28,-3.79
1099.3,-2.87
1099.32,-1.82
1099.34,-1.02
1099.36,0.27
1099.38,1.78
1099.4,3.23
1099.42,4.46
1099.44,5.78
1099.46,7.19
1099.48,8.12
1099.5,9.12
1099.52,10.42
1099.54,11.26
1099.56,12.31
1099.58,13.5
1099.6,14.15
1099.62,15.79
1099.64,16.72
1099.66,17.1
1099.68,17.16
1099.7,18.08
1099.72,18.7
1099.74,19.68
1099.76,19.9
1099.78,20.82
1099.8,20.78
1099.82,21.26
1099.84,21.32
1099.86,20.98
1099.88,21.08
1099.9,21
1099.92,21.01
1099.94,20.32
1099.96,19.97
1099.98,20.03
1100,19.44
1100.02,19.54
1100.04,18.5
1100.06,17.54
1100.08,16.33
1100.1,15.61
1100.12,14.27
1100.14,14.17
1100.16,12.87
1100.18,11.98
1100.2,10.94
1100.22,10.29
1100.24,9.59
1100.26,9.15
1100.28,8.55
1100.3,8.16
1100.32,7.3
1100.34,5.99
1100.36,5.69
1100.38,5.24
1100.4,4.48
1100.42,4.78
1100.44,4.14
1100.46,3.49
1100.48,2
1100.5,1.88
1100.52,1.16
1100.54,1.04
1100.56,-0.18
1100.58,-0.95
1100.6,-1.28
1100.62,-1.65
1100.64,-2.22
1100.66,-3.25
1100.68,-3.9
1100.7,-4.62
1100.72,-5.04
1100.74,-5.72
1100.76,-6.54
1100.78,-6.92
1100.8,-7.4
1100.82,-7.53
1100.84,-8.1
1100.86,-8.98
1100.88,-9.48
1100.9,-10.64
1100.92,-10.86
1100.94,-11.48
1100.96,-11.83
1100.98,-13.14
1101,-13.63
1101.02,-13.78
1101.04,-13.89
1101.06,-15.02
1101.08,-14.93
1101.1,-15.5
1101.12,-16.6
1101.14,-16.07
1101.16,-16.29
1101.18,-16.52
1101.2,-15.83
1101.22,-15.96
1101.24,-16.29
1101.26,-16.82
1101.28,-17.02
1101.3,-17.56
1101.32,-16.74
1101.34,-17.92
1101.36,-17.06
1101.38,-17.89
1101.4,-16.51
1101.42,-16.16
1101.44,-16.13
1101.46,-15.74
1101.48,-15.44
1101.5,-17.25
1101.52,-16.17
1101.54,-16.15
1101.56,-14.88
1101.58,-14.62
1101.6,-14.22
1101.62,-13.48
1101.64,-13.84
1101.66,-12.88
1101.68,-12.44
1101.7,-11.72
1101.72,-10.93
1101.74,-10.6
1101.76,-10.15
1101.78,-9.86
1101.8,-9.27
1101.82,-9.23
1101.84,-9.02
1101.86,-7.93
1101.88,-7.2
1101.9,-6.85
1101.92,-6.52
1101.94,-5.73
1101.96,-4.61
1101.98,-4.3
1102,-3.55
1102.02,-3.06
1102.04,-2.3
1102.06,-1.48
1102.08,-0.57
1102.1,0.04
1102.12,1.19
1102.14,1.33
1102.16,2.14
1102.18,2.84
1102.2,3.67
1102.22,4.39
1102.24,5.51
1102.26,5.95
1102.28,7.08
1102.3,7.96
1102.32,8.48
1102.34,9.25
1102.36,10.17
1102.38,11.45
1102.4,12.77
1102.42,13.39
1102.44,13.89
1102.46,14.21
1102.48,14.77
1102.5,15.7
1102.52,16.87
1102.54,17.03
1102.56,17.74
1102.58,18.27
1102.6,19.26
1102.62,20.04
1102.64,20.9
1102.66,21.45
1102.68,21.04
1102.7,21.52
1102.72,22.41
1102.74,23.6
1102.76,22.72
1102.78,22.23
1102.8,22.95
1102.82,22.37
1102.84,22.45
1102.86,22.41
1102.88,21.95
1102.9,22.24
1102.92,21.5
1102.94,20.84
1102.96,20.31
1102.98,19.23
1103,19.02
1103.02,18.26
1103.04,18.1
1103.06,16.95
1103.08,16.07
1103.1,14.88
1103.12,13.34
1103.14,12.24
1103.16,11.59
1103.18,10.62
1103.2,9.94
1103.22,8.41
1103.24,7.08
1103.26,6.02
1103.28,4.63
1103.3,3.38
1103.32,2.11
1103.34,1.01
1103.36,0.13
1103.38,-0.49
1103.4,-1.31
1103.42,-2.61
1103.44,-3.05
1103.46,-3.92
1103.48,-5.26
1103.5,-5.85
1103.52,-6.66
1103.54,-7.26
1103.56,-7.39
1103.58,-8.83
1103.6,-9.64
1103.62,-9.34
1103.64,-10.78
1103.66,-12
1103.68,-12.48
1103.7,-13.3
1103.72,-13.57
1103.74,-15.37
1103.76,-14.66
1103.78,-16.12
1103.8,-15.81
1103.82,-16.59
1103.84,-17.82
1103.86,-17.25
1103.88,-17.8
1103.9,-17.67
1103.92,-17.93
1103.94,-17.99
1103.96,-18.79
1103.98,-18.43
1104,-22.23
1104.02,-19.99
1104.04,-18.93
1104.06,-19.86
1104.08,-19.12
1104.1,-16.23
1104.12,-15.5
1104.14,-14.27
1104.16,-14.89
1104.18,-13.62
1104.2,-12.93
1104.22,-12.93
1104.24,-12.56
1104.26,-12.47
1104.28,-10.61
1104.3,-10.46
1104.32,-9.61
1104.34,-9.59
1104.36,-8.95
1104.38,-8.24
1104.4,-7.22
1104.42,-6.42
1104.44,-5.22
1104.46,-4.22
1104.48,-3.69
1104.5,-2.97
1104.52,-2.3
1104.54,-1.65
1104.56,-0.28
1104.58,0.22
1104.6,1.48
1104.62,2.24
1104.64,2.95
1104.66,3.09
1104.68,3.63
1104.7,5.09
1104.72,5.84
1104.74,6.86
1104.76,7.43
1104.78,8.49
1104.8,9.44
1104.82,9.09
1104.84,9.68
1104.86,10.24
1104.88,11.59
1104.9,12.26
1104.92,13.28
1104.94,13.57
1104.96,14.6
1104.98,15.11
1105,15.46
1105.02,16.15
1105.04,16.86
1105.06,17.62
1105.08,17.71
1105.1,17.84
1105.12,17.48
1105.14,19.18
1105.16,19.9
1105.18,19.97
1105.2,20.36
1105.22,20.82
1105.24,20.16
1105.26,20.74
1105.28,21.52
1105.3,22.74
1105.32,22.4
1105.34,0.75
1105.36,1.74
1105.38,19.6
1105.4,24.05
1105.42,25.92
1105.44,24.06
1105.46,20.57
1105.48,16.48
1105.5,21.6
1105.52,20.67
1105.54,20.31
1105.56,19.16
1105.58,17.55
1105.6,16.93
1105.62,15.59
1105.64,13.82
1105.66,12.7
1105.68,11.66
1105.7,11.14
1105.72,9.77
1105.74,7.25
1105.76,6.08
1105.78,4.84
1105.8,4.23
1105.82,3.37
1105.84,2.16
1105.86,0.93
1105.88,0.15
1105.9,-1.68
1105.92,-2.99
1105.94,-3.78
1105.96,-4.06
1105.98,-5.13
1106,-6.37
1106.02,-6.92
1106.04,-8.53
1106.06,-9.34
1106.08,-10.61
1106.1,-9.91
1106.12,-9.53
1106.14,-10.41
1106.16,-12.16
1106.18,-13.23
1106.2,-14.47
1106.22,-15.49
1106.24,-14.79
1106.26,-14.43
1106.28,-15.61
1106.3,-17.12
1106.32,-17.18
1106.34,-16.74
1106.36,-17.05
1106.38,-16.34
1106.4,-18.13
1106.42,-17.56
1106.44,-16.9
1106.46,-16.44
1106.48,-17.87
1106.5,-20.03
1106.52,-21.4
1106.54,-19.98
1106.56,-19.12
1106.58,-19.83
1106.6,-20.29
1106.62,-20.19
1106.64,-20.57
1106.66,-21.35
1106.68,-22.76
1106.7,-21.2
1106.72,-19.92
1106.74,-19.16
1106.76,-18.39
1106.78,-17.9
1106.8,-17.22
1106.82,-16.46
1106.84,-15.09
1106.86,-13.56
1106.88,-11.61
1106.9,-10.76
1106.92,-9.4
1106.94,-8.36
1106.96,-7.67
1106.98,-6.02
1107,-5.17
1107.02,-4.11
1107.04,-2.63
1107.06,-1.27
1107.08,0.56
1107.1,2.06
1107.12,3.67
1107.14,4.47
1107.16,6.04
1107.18,7.52
1107.2,9.03
1107.22,11.1
1107.24,13.13
1107.26,14.69
1107.28,17.75
1107.3,18.64
1107.32,-23.25
1107.34,-23.76
1107.36,18.78
1107.38,19.6
1107.4,-20.78
1107.42,23.18
1107.44,22.56
1107.46,24.4
1107.48,25.48
1107.5,25.78
1107.52,26.6
1107.54,26.32
1107.56,26.54
1107.58,26.93
1107.6,27.09
1107.62,26.98
1107.64,30.58
1107.66,25.35
1107.68,22.11
1107.7,21.25
1107.72,20.04
1107.74,18.36
1107.76,18.14
1107.78,16.93
1107.8,15.17
1107.82,16.05
1107.84,14.75
1107.86,13.41
1107.88,12.78
1107.9,11.9
1107.92,10.18
1107.94,8.67
1107.96,4.95
1107.98,1.47
1108,3.01
1108.02,0.89
1108.04,-1.25
1108.06,-3.57
1108.08,-6.2
1108.1,-6.78
1108.12,-9.25
1108.14,-9.89
1108.16,-9.32
1108.18,-11.11
1108.2,-10.33
1108.22,-10.26
1108.24,-11.62
1108.26,-15.22
1108.28,-15.97
1108.3,-14.61
1108.32,-14.29
1108.34,-16.08
1108.36,-17.88
1108.38,-19.19
1108.4,-19.47
1108.42,-20.52
1108.44,-22.83
1108.46,-22.45
1108.48,-21.08
1108.5,-21.73
1108.52,-22.03
1108.54,-22.09
1108.56,-22.92
1108.58,-21.58
1108.6,-20.51
1108.62,-21.96
1108.64,-20.17
1108.66,-20.28
1108.68,-20.44
1108.7,-21.18
1108.72,-21.9
1108.74,-19.83
1108.76,-20.86
1108.78,-19.69
1108.8,-19.51
1108.82,-20.29
1108.84,-18.21
1108.86,-18.33
1108.88,-18.7
1108.9,-18.36
1108.92,-17.77
1108.94,-18.72
1108.96,-17.41
1108.98,-15.17
1109,-17.55
1109.02,-17.93
1109.04,-17.11
1109.06,-18.03
1109.08,-18.73
1109.1,-16.52
1109.12,-17.82
1109.14,-18.25
1109.16,-17.83
1109.18,-16.31
1109.2,-14.3
1109.22,-15.02
1109.24,-17.03
1109.26,-16.6
1109.28,-16.5
1109.3,-16.55
1109.32,-14.99
1109.34,-14.21
1109.36,-15
1109.38,-14.03
1109.4,-13.82
1109.42,-12.08
1109.44,-12.69
1109.46,-13.2
1109.48,-12.89
1109.5,-11.01
1109.52,-10.21
1109.54,-8.17
1109.56,-6.66
1109.58,-5.51
1109.6,-4.21
1109.62,-2.33
1109.64,-1.54
1109.66,0.18
1109.68,0.74
1109.7,-39.4
1109.72,-36.45
1109.74,-35.02
1109.76,-33.06
1109.78,-31.94
1109.8,-30.75
1109.82,-29.39
1109.84,-28.45
1109.86,-27.38
1109.88,-25.8
1109.9,-24.61
1109.92,-23.83
1109.94,-22.12
1109.96,-22.61
1109.98,-21.35
1110,22.42
1110.02,22.93
1110.04,24.14
1110.06,24.94
1110.08,23.84
1110.1,24.52
1110.12,22.12
1110.14,22.64
1110.16,22.07
1110.18,21.12
1110.2,0.7
1110.22,-0.74
1110.24,-23.59
1110.26,17.14
1110.28,-6.59
1110.3,13.26
1110.32,10.43
1110.34,9.82
1110.36,6.56
1110.38,6.6
1110.4,4.5
1110.42,2.24
1110.44,1.59
1110.46,-0.45
1110.48,-2.77
1110.5,-4.53
1110.52,-6.21
1110.54,-8.29
1110.56,-10.57
1110.58,-10.66
1110.6,28.57
1110.62,24.01
1110.64,-18.48
1110.66,-19.14
1110.68,-20.4
1110.7,-21.72
1110.72,-23.21
1110.74,-24.07
1110.76,-26.78
1110.78,-26.29
1110.8,-27.02
1110.82,-26.19
1110.84,-27.67
1110.86,-28.09
1110.88,-27.97
1110.9,-30.7
1110.92,-29.22
1110.94,-30.19
1110.96,-32.68
1110.98,-30.56
1111,-31.1
1111.02,-32.26
1111.04,-30.86
1111.06,-30.27
1111.08,-30.05
1111.1,-27.85
1111.12,-28.94
1111.14,-27.46
1111.16,-26.6
1111.18,17.62
1111.2,18.27
1111.22,19.65
1111.24,21.28
1111.26,-17.71
1111.28,-18.32
1111.3,0.96
1111.32,-17.98
1111.34,-16.74
1111.36,-15.62
1111.38,-15.37
1111.4,-13.61
1111.42,-11.53
1111.44,-10.9
1111.46,-11.03
1111.48,-10.09
1111.5,-8.59
1111.52,-7.61
1111.54,-6.27
1111.56,-4.98
1111.58,-5.7
1111.6,-6.43
1111.62,-4.26
1111.64,-1.36
1111.66,-2.97
1111.68,-0.57
1111.7,-1.17
1111.72,-0.01
1111.74,1.5
1111.76,2.68
1111.78,0.77
1111.8,1.57
1111.82,1.74
1111.84,2.75
1111.86,3.14
1111.88,3.96
1111.9,3.65
1111.92,3.06
1111.94,2.65
1111.96,3.76
1111.98,2.4
1112,2.21
1112.02,1.87
1112.04,2.97
1112.06,2.21
1112.08,1.38
1112.1,1.65
1112.12,3.02
1112.14,2.81
1112.16,0.66
1112.18,0.87
1112.2,-0.67
1112.22,0.17
1112.24,2.14
1112.26,2.16
1112.28,1.07
1112.3,1.85
1112.32,1.08
1112.34,1.79
1112.36,1.82
1112.38,2.02
1112.4,1.8
1112.42,3.41
1112.44,5.68
1112.46,7.7
1112.48,7.15
1112.5,7.94
1112.52,9.51
1112.54,10.11
1112.56,9.76
1112.58,9.43
1112.6,9.31
1112.62,8.47
1112.64,8.85
1112.66,8.25
1112.68,9.07
1112.7,9.49
1112.72,8.83
1112.74,8.24
1112.76,7.93
1112.78,8.55
1112.8,8.16
1112.82,8.03
1112.84,9.67
1112.86,11.46
1112.88,11.37
1112.9,9.74
1112.92,9.4
1112.94,10.74
1112.96,10.08
1112.98,9.72
1113,8.22
1113.02,8.73
1113.04,8.62
1113.06,8.03
1113.08,8.6
1113.1,8.03
1113.12,5.85
1113.14,4.99
1113.16,4.58
1113.18,4.31
1113.2,2.97
1113.22,1.83
1113.24,1.19
1113.26,0.3
1113.28,-0.5
1113.3,-1.64
1113.32,-2.42
1113.34,-3.71
1113.36,-4.22
1113.38,-4.74
1113.4,-5.63
1113.42,-7.14
1113.44,-7.33
1113.46,-8.87
1113.48,-10.01
1113.5,-10.85
1113.52,-12.09
1113.54,-12.87
1113.56,-13.23
1113.58,-14.32
1113.6,-13.97
1113.62,-13.02
1113.64,-13.75
1113.66,-15.15
1113.68,-15.74
1113.7,-16.81
1113.72,-16.07
1113.74,-16.16
1113.76,-16.12
1113.78,-16.55
1113.8,-17.23
1113.82,-17.49
1113.84,-18.22
1113.86,-18.07
1113.88,-18.34
1113.9,-17.52
1113.92,-17.58
1113.94,-17.92
1113.96,-16.92
1113.98,-17.25
1114,-16.43
1114.02,-16.43
1114.04,-15.52
1114.06,-16.09
1114.08,-15.17
1114.1,-15.62
1114.12,-14.27
1114.14,-12.56
1114.16,-12.18
1114.18,-12.95
1114.2,-12.66
1114.22,-11.8
1114.24,-11.64
1114.26,-10.95
1114.28,-10.08
1114.3,-9.67
1114.32,-8.24
1114.34,-7.44
1114.36,-6.12
1114.38,-6.08
1114.4,-6.66
1114.42,-5.9
1114.44,-5.27
1114.46,-5.02
1114.48,-5.13
1114.5,-3.57
1114.52,-2.41
1114.54,-2.45
1114.56,-1.68
1114.58,-0.24
1114.6,-1.17
1114.62,-0.29
1114.64,0.33
1114.66,0.48
1114.68,0.58
1114.7,1.03
1114.72,1.6
1114.74,2.24
1114.76,3.11
1114.78,3.69
1114.8,3.98
1114.82,4.51
1114.84,4.33
1114.86,3.97
1114.88,4.27
1114.9,4.7
1114.92,4.71
1114.94,5.08
1114.96,5.62
1114.98,6.37
1115,6.76
1115.02,6.72
1115.04,7.4
1115.06,6.57
1115.08,6.39
1115.1,7.26
1115.12,6.94
1115.14,6.57
1115.16,6.14
1115.18,5.87
1115.2,6.06
1115.22,5.74
1115.24,5.98
1115.26,6.3
1115.28,5.91
1115.3,5.6
1115.32,5.46
1115.34,4.93
1115.36,4.5
1115.38,4.67
1115.4,4.49
1115.42,4.41
1115.44,4.65
1115.46,4.89
1115.48,4.44
1115.5,4
1115.52,3.94
1115.54,3.67
1115.56,2.97
1115.58,3.35
1115.6,2.83
1115.62,2.32
1115.64,2.46
1115.66,2.49
1115.68,2.07
1115.7,2.12
1115.72,1.65
1115.74,0.94
1115.76,0.85
1115.78,0.97
1115.8,1.07
1115.82,1.12
1115.84,0.67
1115.86,0.12
1115.88,-0.2
1115.9,0.31
1115.92,0.22
1115.94,-0.05
1115.96,-0.54
1115.98,-1.26
1116,-1.38
1116.02,-0.31
1116.04,-1.54
1116.06,-1.77
1116.08,-1.94
1116.1,-2.1
1116.12,-1.75
1116.14,-2.24
1116.16,-2.31
1116.18,-2.32
1116.2,-2.83
1116.22,-2.96
1116.24,-3.05
1116.26,-2.74
1116.28,-2.41
1116.3,-2.87
1116.32,-3.76
1116.34,-4.24
1116.36,-4.8
1116.38,-4.73
1116.4,-5.99
1116.42,-6
1116.44,-6.25
1116.46,-6.22
1116.48,-6.29
1116.5,-6.83
1116.52,-6.64
1116.54,-6.76
1116.56,-7.23
1116.58,-6.78
1116.6,-6.8
1116.62,-7
1116.64,-6.26
1116.66,-6.06
1116.68,-6.47
1116.7,-6.72
1116.72,-7.14
1116.74,-7.05
1116.76,-7.01
1116.78,-6.48
1116.8,-6.05
1116.82,-5.86
1116.84,-5.73
1116.86,-6.4
1116.88,-6.65
1116.9,-7.45
1116.92,-7.85
1116.94,-7.73
1116.96,-8.42
1116.98,-8.24
1117,-7.85
1117.02,-7.86
1117.04,-8.15
1117.06,-8.14
1117.08,-7.37
1117.1,-7.38
1117.12,-7.14
1117.14,-7.02
1117.16,-6.85
1117.18,-7.2
1117.2,-6.94
1117.22,-6.94
1117.24,-6.05
1117.26,-6.38
1117.28,-6.06
1117.3,-5.33
1117.32,-5.64
1117.34,-5.9
1117.36,-5.67
1117.38,-5.79
1117.4,-5.66
1117.42,-5.88
1117.44,-5.88
1117.46,-5.84
1117.48,-5.29
1117.5,-5.18
1117.52,-4.83
1117.54,-4.57
1117.56,-5.08
1117.58,-4.71
1117.6,-4.03
1117.62,-4.05
1117.64,-4.08
1117.66,-3.87
1117.68,-3.31
1117.7,-3.22
1117.72,-3
1117.74,-2.64
1117.76,-2.59
1117.78,-2.18
1117.8,-1.75
1117.82,-0.9
1117.84,-1.12
1117.86,-0.82
1117.88,-0.23
1117.9,0.28
1117.92,0.25
1117.94,0.64
1117.96,0.62
1117.98,0.78
1118,1.22
1118.02,1.23
1118.04,1.69
1118.06,0.99
1118.08,1.22
1118.1,1.82
1118.12,1.85
1118.14,2.42
1118.16,2.91
1118.18,3.22
1118.2,3.52
1118.22,3.66
1118.24,3.34
1118.26,3.68
1118.28,3.66
1118.3,3.58
1118.32,3.71
1118.34,3.35
1118.36,2.6
1118.38,3.15
1118.4,2.9
1118.42,3.85
1118.44,2.75
1118.46,2.8
1118.48,2.69
1118.5,2.38
1118.52,1.95
1118.54,1.84
1118.56,1.68
1118.58,1.26
1118.6,0.94
1118.62,1.02
1118.64,0.2
1118.66,0.28
1118.68,-0.3
1118.7,-0.39
1118.72,-0.98
1118.74,-1.22
1118.76,-1.5
1118.78,-1.96
1118.8,-1.81
1118.82,-2.44
1118.84,-2.29
1118.86,-2.52
1118.88,-2.65
1118.9,-3.88
1118.92,-3.27
1118.94,-4.07
1118.96,-3.91
1118.98,-4.37
1119,-4.34
1119.02,-4.68
1119.04,-5.18
1119.06,-4.86
1119.08,-5.49
1119.1,-5.37
1119.12,-5.6
1119.14,-5.88
1119.16,-6.24
1119.18,-6.44
1119.2,-6.45
1119.22,-6.57
1119.24,-6.75
1119.26,-6.99
1119.28,-7.52
1119.3,-7.7
1119.32,-7.59
1119.34,-8.32
1119.36,-8.34
1119.38,-8.47
1119.4,-8.07
1119.42,-9.12
1119.44,-9.24
1119.46,-8.61
1119.48,-8.86
1119.5,-8.11
1119.52,-7.88
1119.54,-7.54
1119.56,-7.22
1119.58,-6.98
1119.6,-7.2
1119.62,-6.67
1119.64,-6.3
1119.66,-6.17
1119.68,-6.41
1119.7,-6.93
1119.72,-6.42
1119.74,-6.18
1119.76,-5.89
1119.78,-6.26
1119.8,-5.48
1119.82,-5.51
1119.84,-3.88
1119.86,-4.22
1119.88,-3.07
1119.9,-1.92
1119.92,-3.9
1119.94,-1.09
1119.96,-1.28
1119.98,-0.55
1120,-1.16
1120.02,-1.58
1120.04,0.05
1120.06,-0.12
1120.08,0.93
1120.1,0.69
1120.12,1.63
1120.14,2.12
1120.16,3.24
1120.18,1.76
1120.2,2.85
1120.22,5.51
1120.24,4.24
1120.26,5.5
1120.28,6.67
1120.3,5.52
1120.32,6.18
1120.34,6.84
1120.36,6.88
1120.38,7.09
1120.4,6.7
1120.42,6.63
1120.44,6.96
1120.46,6.95
1120.48,7.87
1120.5,7.64
1120.52,8.27
1120.54,7.89
1120.56,7.8
1120.58,7.22
1120.6,7.2
1120.62,7.03
1120.64,6.47
1120.66,7.3
1120.68,6.4
1120.7,6.04
1120.72,4.89
1120.74,4.46
1120.76,3.93
1120.78,3.42
1120.8,2.83
1120.82,1.56
1120.84,0.63
1120.86,0.1
1120.88,-0.87
1120.9,-2.06
1120.92,-2.43
1120.94,-3.33
1120.96,-3.97
1120.98,-5.15
1121,-5.46
1121.02,-6.78
1121.04,-7.35
1121.06,-8.33
1121.08,-9.25
1121.1,-9.69
1121.12,-9.7
1121.14,-10.25
1121.16,-10.96
1121.18,-12.05
1121.2,-12.03
1121.22,-12.49
1121.24,-12.64
1121.26,-12.94
1121.28,-14.17
1121.3,-13.64
1121.32,-14.92
1121.34,-15.8
1121.36,-15.19
1121.38,-14.78
1121.4,-14.88
1121.42,-13.45
1121.44,-13.42
1121.46,-13.56
1121.48,-12.99
1121.5,-12.36
1121.52,-11.23
1121.54,-10.25
1121.56,-9.83
1121.58,-10.01
1121.6,-9.69
1121.62,-9.55
1121.64,-8.83
1121.66,-7.68
1121.68,-7.72
1121.7,-7.83
1121.72,-7.44
1121.74,-6.8
1121.76,-6
1121.78,-6.94
1121.8,-6.02
1121.82,-6.2
1121.84,-5.54
1121.86,-4.82
1121.88,-4.53
1121.9,-4.03
1121.92,-3.86
1121.94,-1.67
1121.96,-0.64
1121.98,-0.59
1122,0.8
1122.02,2.93
1122.04,1.62
1122.06,1.69
1122.08,3.26
1122.1,1.32
1122.12,1.96
1122.14,1.95
1122.16,1.33
1122.18,3.71
1122.2,3.47
1122.22,2.74
1122.24,4.83
1122.26,5.42
1122.28,5.67
1122.3,5.61
1122.32,5.72
1122.34,6.43
1122.36,6.18
1122.38,6.48
1122.4,6.4
1122.42,6.78
1122.44,7.85
1122.46,7.83
1122.48,7.69
1122.5,7.76
1122.52,7.87
1122.54,8.49
1122.56,8.73
1122.58,9.14
1122.6,9.22
1122.62,9.51
1122.64,10.13
1122.66,10.07
1122.68,9.65
1122.7,10
1122.72,9.41
1122.74,9.87
1122.76,9.51
1122.78,9.48
1122.8,9.86
1122.82,10.35
1122.84,10.17
1122.86,9.92
1122.88,9.95
1122.9,10.31
1122.92,10.04
1122.94,9.57
1122.96,9.75
1122.98,8.78
1123,8.24
1123.02,7.89
1123.04,7.22
1123.06,6.89
1123.08,6.9
1123.1,5.98
1123.12,5.31
1123.14,4.8
1123.16,4.44
1123.18,3.4
1123.2,3.12
1123.22,2.58
1123.24,1.99
1123.26,1.11
1123.28,0.13
1123.3,0.04
1123.32,-0.57
1123.34,-1.07
1123.36,-1.79
1123.38,-2.05
1123.4,-2.98
1123.42,-3.93
1123.44,-4.25
1123.46,-5.06
1123.48,-5.19
1123.5,-5.73
1123.52,-5.87
1123.54,-6.41
1123.56,-6.73
1123.58,-6.86
1123.6,-7.13
1123.62,-7.43
1123.64,-7.35
1123.66,-7.48
1123.68,-6.97
1123.7,-7.44
1123.72,-7.9
1123.74,-7.18
1123.76,-7.07
1123.78,-6.86
1123.8,-6.73
1123.82,-6.52
1123.84,-6.26
1123.86,-5.84
1123.88,-5.61
1123.9,-5.38
1123.92,-4.62
1123.94,-4.57
1123.96,-3.74
1123.98,-3.62
1124,-3.18
1124.02,-2.43
1124.04,-2.02
1124.06,-1.65
1124.08,-1.56
1124.1,-1.23
1124.12,-1.07
1124.14,-0.74
1124.16,-0.26
1124.18,-0.55
1124.2,0.38
1124.22,-0.23
1124.24,0.18
1124.26,0.25
1124.28,0.3
1124.3,0.2
1124.32,0.39
1124.34,-0.07
1124.36,-0.01
1124.38,-0.14
1124.4,-0.11
1124.42,-0.5
1124.44,-0.47
1124.46,-1.05
1124.48,-0.98
1124.5,-1.17
1124.52,-1.25
1124.54,-1.79
1124.56,-1.87
1124.58,-1.91
1124.6,-2.31
1124.62,-2.4
1124.64,-2.12
1124.66,-2.35
1124.68,-2.54
1124.7,-2.68
1124.72,-3.09
1124.74,-3.42
1124.76,-3.07
1124.78,-3.07
1124.8,-2.81
1124.82,-3.06
1124.84,-2.55
1124.86,-2.02
1124.88,-2.13
1124.9,-2.1
1124.92,-2.24
1124.94,-1.36
1124.96,-1.17
1124.98,-1.16
1125,-1.4
1125.02,-0.71
1125.04,-0.41
1125.06,-0.24
1125.08,-0.24
1125.1,0.42
1125.12,0.41
1125.14,0.73
1125.16,0.92
1125.18,1.76
1125.2,2.09
1125.22,1.61
1125.24,2.04
1125.26,2.11
1125.28,2.75
1125.3,2.69
1125.32,3.31
1125.34,3.78
1125.36,3.75
1125.38,3.63
1125.4,4.45
1125.42,3.94
1125.44,3.23
1125.46,3.54
1125.48,3.33
1125.5,2.98
1125.52,2.5
1125.54,2.9
1125.56,2.76
1125.58,2.78
1125.6,2.13
1125.62,2.11
1125.64,1.81
1125.66,2.07
1125.68,1.61
1125.7,1.79
1125.72,1.88
1125.74,1.78
1125.76,2.09
1125.78,1.84
1125.8,1.78
1125.82,1.97
1125.84,1.8
1125.86,1.59
1125.88,1.91
1125.9,1.32
1125.92,1.91
1125.94,1.54
1125.96,1.97
1125.98,1.98
1126,1.7
1126.02,1.64
1126.04,1.81
1126.06,2.42
1126.08,2.48
1126.1,2.46
1126.12,2.85
1126.14,2.92
1126.16,2.81
1126.18,3.21
1126.2,3.41
1126.22,3.49
1126.24,3.94
1126.26,4.38
1126.28,4.66
1126.3,5.15
1126.32,5.14
1126.34,5.49
1126.36,6.02
1126.38,6.28
1126.4,6.52
1126.42,6.39
1126.44,7
1126.46,7.99
1126.48,7.89
1126.5,8.27
1126.52,8.63
1126.54,9.03
1126.56,7.61
1126.58,9.58
1126.6,9.81
1126.62,9.81
1126.64,10.07
1126.66,9.84
1126.68,9.3
1126.7,7.91
1126.72,8.46
1126.74,7.49
1126.76,7.61
1126.78,8.43
1126.8,8.35
1126.82,7.92
1126.84,8.57
1126.86,8.05
1126.88,7.5
1126.9,7.44
1126.92,7.48
1126.94,7.19
1126.96,6.68
1126.98,6.65
1127,6.03
1127.02,4.93
1127.04,5.15
1127.06,4.15
1127.08,3.6
1127.1,3.33
1127.12,3.43
1127.14,2.28
1127.16,2.46
1127.18,1.86
1127.2,1.15
1127.22,0.44
1127.24,-0.38
1127.26,-0.41
1127.28,-1.1
1127.3,-1.6
1127.32,-2.18
1127.34,-2.51
1127.36,-3.17
1127.38,-4.02
1127.4,-4.31
1127.42,-5.08
1127.44,-5.13
1127.46,-5.75
1127.48,-6.52
1127.5,-6.97
1127.52,-7.75
1127.54,-8.12
1127.56,-8.15
1127.58,-8.41
1127.6,-8.96
1127.62,-9.81
1127.64,-8.94
1127.66,-8.64
1127.68,-8.19
1127.7,-8.3
1127.72,-8.18
1127.74,-7.5
1127.76,-7.04
1127.78,-7.45
1127.8,-7.45
1127.82,-6.47
1127.84,-5.6
1127.86,-5.43
1127.88,-5.69
1127.9,-5.53
1127.92,-5.37
1127.94,-5.28
1127.96,-4.41
1127.98,-4.12
1128,-4.54
1128.02,-4.35
1128.04,-3.59
1128.06,-3.21
1128.08,-2.75
1128.1,-2.56
1128.12,-2.43
1128.14,-1.89
1128.16,-1.55
1128.18,-1.2
1128.2,-1.01
1128.22,-0.45
1128.24,-0.05
1128.26,-0.13
1128.28,0.19
1128.3,0.9
1128.32,0.75
1128.34,0.78
1128.36,1.19
1128.38,1.35
1128.4,1.89
1128.42,2.02
1128.44,1.98
1128.46,2.27
1128.48,2.69
1128.5,3.13
1128.52,3.74
1128.54,3.78
1128.56,4.74
1128.58,4.61
1128.6,4.76
1128.62,4.56
1128.64,4.44
1128.66,5.57
1128.68,5.48
1128.7,5.72
1128.72,6.21
1128.74,6.12
1128.76,6.43
1128.78,7.17
1128.8,8.15
1128.82,7.79
1128.84,8.04
1128.86,8.38
1128.88,9.29
1128.9,9.3
1128.92,9.94
1128.94,10.46
1128.96,10.83
1128.98,12.5
1129,13.14
1129.02,12.81
1129.04,12.8
1129.06,14.07
1129.08,15.02
1129.1,14.2
1129.12,15.27
1129.14,14.65
1129.16,15.38
1129.18,16.25
1129.2,15.72
1129.22,16.53
1129.24,15.41
1129.26,15.57
1129.28,15.93
1129.3,16.59
1129.32,15.91
1129.34,15.95
1129.36,15.42
1129.38,15.06
1129.4,15.47
1129.42,14.62
1129.44,14.75
1129.46,14.71
1129.48,14.14
1129.5,13.27
1129.52,13.02
1129.54,12.06
1129.56,11.18
1129.58,10.75
1129.6,10.37
1129.62,9.85
1129.64,9.49
1129.66,9.28
1129.68,8.63
1129.7,7.84
1129.72,7.23
1129.74,7.03
1129.76,6.45
1129.78,5.97
1129.8,5.36
1129.82,5.37
1129.84,4.7
1129.86,4.47
1129.88,3.96
1129.9,4.12
1129.92,3.67
1129.94,3.3
1129.96,2.7
1129.98,3.32
1130,2.8
1130.02,2.19
1130.04,2.13
1130.06,1.8
1130.08,1.44
1130.1,1.49
1130.12,1.32
1130.14,1.22
1130.16,0.87
1130.18,1.61
1130.2,1.21
1130.22,0.58
1130.24,0.43
1130.26,0.28
1130.28,0.24
1130.3,0.07
1130.32,-0.09
1130.34,-0.93
1130.36,-0.69
1130.38,-0.76
1130.4,-0.94
1130.42,-0.89
1130.44,-1.36
1130.46,-1.69
1130.48,-2.06
1130.5,-1.99
1130.52,-2.47
1130.54,-3.19
1130.56,-3.77
1130.58,-3.68
1130.6,-4.42
1130.62,-4.72
1130.64,-5.21
1130.66,-5.92
1130.68,-6.63
1130.7,-8.19
1130.72,-8.35
1130.74,-8.65
1130.76,-8.32
1130.78,-8.56
1130.8,-9.75
1130.82,-10.17
1130.84,-10.71
1130.86,-11.52
1130.88,-12.58
1130.9,-13.1
1130.92,-13.87
1130.94,-13.94
1130.96,-14.17
1130.98,-14.21
1131,-14.53
1131.02,-14.65
1131.04,-14.53
1131.06,-14.94
1131.08,-15.11
1131.1,-15.06
1131.12,-14.7
1131.14,-13.97
1131.16,-13.66
1131.18,-13.77
1131.2,-13.6
1131.22,-13.9
1131.24,-14.16
1131.26,-13.19
1131.28,-13.28
1131.3,-11.47
1131.32,-10.18
1131.34,-8.7
1131.36,-7.4
1131.38,-6.32
1131.4,-4.59
1131.42,-3.09
1131.44,-1.51
1131.46,-0.6
1131.48,1.55
1131.5,2.98
1131.52,4.99
1131.54,6.7
1131.56,8.81
1131.58,10.78
1131.6,-29.98
1131.62,-27.81
1131.64,-26.36
1131.66,-25.05
1131.68,-22.67
1131.7,-21.3
1131.72,-19.83
1131.74,-18.16
1131.76,-17.14
1131.78,-15.85
1131.8,-15.7
1131.82,-13.47
1131.84,-11.76
1131.86,-11.31
1131.88,-10.51
1131.9,-10.42
1131.92,-5.96
1131.94,-13.85
1131.96,-12.46
1131.98,-9.71
1132,31.64
1132.02,31.62
1132.04,29.91
1132.06,29.39
1132.08,28.39
1132.1,26.78
1132.12,25.17
1132.14,24.5
1132.16,23.63
1132.18,22.61
1132.2,20.83
1132.22,21.08
1132.24,18.87
1132.26,18.6
1132.28,17.18
1132.3,15.76
1132.32,15.32
1132.34,14.17
1132.36,12.86
1132.38,11.66
1132.4,10.19
1132.42,9.3
1132.44,8.52
1132.46,7.58
1132.48,6.04
1132.5,4.84
1132.52,3.99
1132.54,2.71
1132.56,2.52
1132.58,1.29
1132.6,0.08
1132.62,-0.69
1132.64,-1.93
1132.66,-2.66
1132.68,-2.89
1132.7,-2.66
1132.72,-3.72
1132.74,-4.71
1132.76,-5.19
1132.78,-6.28
1132.8,-7.08
1132.82,-7.43
1132.84,-8.43
1132.86,-9.11
1132.88,-9.7
1132.9,-10.34
1132.92,-10.89
1132.94,-12.3
1132.96,-14.57
1132.98,-14.87
1133,-16.28
1133.02,-16.51
1133.04,-17.15
1133.06,-17.59
1133.08,-18.23
1133.1,-18.11
1133.12,-18.99
1133.14,-19.16
1133.16,-19.91
1133.18,-20.42
1133.2,-21.48
1133.22,-20.67
1133.24,-22.73
1133.26,18.79
1133.28,17.15
1133.3,16.28
1133.32,16.58
1133.34,-25.35
1133.36,-26.96
1133.38,14.1
1133.4,-29.32
1133.42,-27.65
1133.44,-28.18
1133.46,-27.03
1133.48,-26.99
1133.5,-27
1133.52,-27.02
1133.54,-26.61
1133.56,-26.86
1133.58,-27.49
1133.6,-28.01
1133.62,-27.71
1133.64,-27.28
1133.66,-26.65
1133.68,-25.47
1133.7,-25.65
1133.72,-26.2
1133.74,-25.41
1133.76,-24.36
1133.78,-23.89
1133.8,-23.3
1133.82,-23.07
1133.84,-22.5
1133.86,-22.48
1133.88,-21.54
1133.9,-20.73
1133.92,-20.29
1133.94,-19.85
1133.96,-18.39
1133.98,-17.47
1134,-16.17
1134.02,-14.68
1134.04,-13.18
1134.06,-12.27
1134.08,-11.51
1134.1,-9.34
1134.12,12.73
1134.14,35.74
1134.16,37.1
1134.18,38.98
1134.2,-0.73
1134.22,0.79
1134.24,3.13
1134.26,5.12
1134.28,-36.19
1134.3,-35.18
1134.32,-33.82
1134.34,-33.32
1134.36,-31.79
1134.38,-30.77
1134.4,-30.04
1134.42,-28.35
1134.44,-27.07
1134.46,-25.88
1134.48,17.43
1134.5,17.93
1134.52,18.49
1134.54,19.17
1134.56,19.82
1134.58,21
1134.6,21.33
1134.62,21.77
1134.64,21.37
1134.66,22.1
1134.68,21.58
1134.7,20.52
1134.72,21.23
1134.74,21.08
1134.76,20.85
1134.78,19.94
1134.8,19.18
1134.82,18.94
1134.84,17.26
1134.86,16.26
1134.88,15.51
1134.9,13.89
1134.92,13.41
1134.94,13.16
1134.96,12.24
1134.98,10.25
1135,8.67
1135.02,7.44
1135.04,6.47
1135.06,4.68
1135.08,3.47
1135.1,3.16
1135.12,2.99
1135.14,1.98
1135.16,0.86
1135.18,-0.44
1135.2,-2.63
1135.22,-3.71
1135.24,-5.36
1135.26,-5.69
1135.28,-6.42
1135.3,-6.2
1135.32,-6.71
1135.34,-7.05
1135.36,-7.59
1135.38,-8.15
1135.4,-8.77
1135.42,-9.02
1135.44,-8.91
1135.46,-8.57
1135.48,-8.47
1135.5,-8.53
1135.52,-8.58
1135.54,-8.46
1135.56,-8.59
1135.58,-8.13
1135.6,-7.74
1135.62,-7.42
1135.64,-6.63
1135.66,-5.65
1135.68,-5.09
1135.7,-4.49
1135.72,-4.65
1135.74,-4.32
1135.76,-3.64
1135.78,-3.04
1135.8,-2.6
1135.82,-2.2
1135.84,-1.84
1135.86,-1.83
1135.88,-0.89
1135.9,-1.25
1135.92,-0.64
1135.94,-0.57
1135.96,-0.44
1135.98,-0.03
1136,0.18
1136.02,0.25
1136.04,0.59
1136.06,0.41
1136.08,0.78
1136.1,0.68
1136.12,0.59
1136.14,0.36
1136.16,0.34
1136.18,0.03
1136.2,-0.2
1136.22,0.25
1136.24,0.45
1136.26,-0.4
1136.28,-0.2
1136.3,-0.3
1136.32,-0.04
1136.34,-0.04
1136.36,0.02
1136.38,-0.36
1136.4,0.16
1136.42,-0.57
1136.44,-0.83
1136.46,-0.76
1136.48,-0.26
1136.5,-0.24
1136.52,-0.08
1136.54,-0.3
1136.56,-0.43
1136.58,-0.71
1136.6,-0.35
1136.62,-0.44
1136.64,0.07
1136.66,0.49
1136.68,0.7
1136.7,1.07
1136.72,1.09
1136.74,1.14
1136.76,1.26
1136.78,1.46
1136.8,1.45
1136.82,2.64
1136.84,2.66
1136.86,2.81
1136.88,2.51
1136.9,3.51
1136.92,2.28
1136.94,1.04
1136.96,1.82
1136.98,1.33
1137,1.73
1137.02,2.19
1137.04,1.42
1137.06,1.38
1137.08,0.79
1137.1,0.44
1137.12,0.07
1137.14,-0.61
1137.16,-1.16
1137.18,-2.01
1137.2,0.02
1137.22,-1.37
1137.24,-0.78
1137.26,0.12
1137.28,-0.75
1137.3,-0.75
1137.32,-0.87
1137.34,-0.75
1137.36,-0.51
1137.38,-0.06
1137.4,0.25
1137.42,0.11
1137.44,0.49
1137.46,0.99
1137.48,1.54
1137.5,1.58
1137.52,1.64
1137.54,2.66
1137.56,2.59
1137.58,3.76
1137.6,4.38
1137.62,5.2
1137.64,5.43
1137.66,6.43
1137.68,7.2
1137.7,7.76
1137.72,8.55
1137.74,8.99
1137.76,9.14
1137.78,10.1
1137.8,10.9
1137.82,11.91
1137.84,11.72
1137.86,13.26
1137.88,12.48
1137.9,10.9
1137.92,11.1
1137.94,9.61
1137.96,12.26
1137.98,12.37
1138,12.6
1138.02,12.46
1138.04,12.5
1138.06,12.96
1138.08,12.11
1138.1,11.21
1138.12,11.69
1138.14,10.68
1138.16,9.95
1138.18,9.23
1138.2,8.28
1138.22,7.93
1138.24,7.45
1138.26,6.51
1138.28,5.34
1138.3,4.7
1138.32,4.7
1138.34,4.75
1138.36,4.36
1138.38,3.32
1138.4,3.03
1138.42,2.22
1138.44,1.92
1138.46,1.63
1138.48,0.67
1138.5,1.72
1138.52,0.37
1138.54,0.94
1138.56,0.37
1138.58,1.17
1138.6,-0.14
1138.62,-0.38
1138.64,1.34
1138.66,1.03
1138.68,1.88
1138.7,1.53
1138.72,1.29
1138.74,1.31
1138.76,1.92
1138.78,1.57
1138.8,2.6
1138.82,1.88
1138.84,2.56
1138.86,3.21
1138.88,3.87
1138.9,4.65
1138.92,4.39
1138.94,4.96
1138.96,4.82
1138.98,5.83
1139,5.32
1139.02,6.93
1139.04,5.53
1139.06,4.65
1139.08,4.84
1139.1,4.83
1139.12,5.01
1139.14,4.7
1139.16,5.03
1139.18,5.35
1139.2,4.75
1139.22,4.94
1139.24,4.25
1139.26,3.54
1139.28,3.15
1139.3,2.33
1139.32,1.8
1139.34,1.33
1139.36,0.67
1139.38,-0.27
1139.4,-0.75
1139.42,-2.17
1139.44,-2.96
1139.46,-3.68
1139.48,-3.67
1139.5,-4.63
1139.52,-5.67
1139.54,-6.27
1139.56,-7.19
1139.58,-7.07
1139.6,-7.87
1139.62,-8.46
1139.64,-8.9
1139.66,-9.35
1139.68,-9.85
1139.7,-10.41
1139.72,-10.72
1139.74,-11.59
1139.76,-12.23
1139.78,-13.22
1139.8,-13.54
1139.82,-13.51
1139.84,-13.17
1139.86,-11.82
1139.88,-10.63
1139.9,-10.91
1139.92,-11.28
1139.94,-11.09
1139.96,-10.59
1139.98,-9.85
1140,-9.48
1140.02,-10.81
1140.04,-10.94
1140.06,-9.32
1140.08,-9.51
1140.1,-4.68
1140.12,-2.69
1140.14,-1.21
1140.16,0.29
1140.18,1.44
1140.2,1.95
1140.22,3.45
1140.24,3.37
1140.26,4.53
1140.28,5.12
1140.3,7.54
1140.32,6.69
1140.34,8.17
1140.36,8.47
1140.38,9.27
1140.4,9.25
1140.42,10.84
1140.44,9.79
1140.46,11.02
1140.48,11.19
1140.5,10.83
1140.52,10.9
1140.54,10.91
1140.56,10.85
1140.58,11.01
1140.6,11.25
1140.62,10.51
1140.64,10.45
1140.66,10.24
1140.68,10.62
1140.7,9.59
1140.72,9.5
1140.74,9.59
1140.76,9.07
1140.78,8.58
1140.8,7.34
1140.82,7.82
1140.84,6.87
1140.86,6.11
1140.88,6.13
1140.9,5.67
1140.92,5.18
1140.94,4.68
1140.96,3.82
1140.98,2.61
1141,1.93
1141.02,0.81
1141.04,-0.42
1141.06,-0.84
1141.08,-0.71
1141.1,-1.15
1141.12,-1.16
1141.14,-2.22
1141.16,-2.56
1141.18,-3.08
1141.2,-2.95
1141.22,-3.8
1141.24,-3.78
1141.26,-3.57
1141.28,-3.86
1141.3,-4.32
1141.32,-4.82
1141.34,-4.02
1141.36,-4.33
1141.38,-3.76
1141.4,-3.21
1141.42,-3.24
1141.44,-2.4
1141.46,-1.96
1141.48,-0.91
1141.5,-1.41
1141.52,-0.67
1141.54,-0.24
1141.56,0.71
1141.58,1.89
1141.6,2.29
1141.62,3.78
1141.64,4.38
1141.66,4.65
1141.68,5.35
1141.7,4.3
1141.72,4.11
1141.74,5.76
1141.76,6.75
1141.78,8.25
1141.8,9.39
1141.82,8.53
1141.84,8.98
1141.86,9.81
1141.88,10.37
1141.9,11.28
1141.92,10.5
1141.94,11.09
1141.96,10.29
1141.98,11.53
1142,11.16
1142.02,10.9
1142.04,11.98
1142.06,12.04
1142.08,10.56
1142.1,10.97
1142.12,10.61
1142.14,9.93
1142.16,9.18
1142.18,8.14
1142.2,6.29
1142.22,6.16
1142.24,5.52
1142.26,4.99
1142.28,3.95
1142.3,2.95
1142.32,2.71
1142.34,1.54
1142.36,0.29
1142.38,-1.07
1142.4,-1.67
1142.42,-1.31
1142.44,-1.95
1142.46,-2.31
1142.48,-3.03
1142.5,-3.32
1142.52,-4.42
1142.54,-5.11
1142.56,-5.89
1142.58,-6.19
1142.6,-5.86
1142.62,-5.95
1142.64,-6.68
1142.66,-6.39
1142.68,-6.36
1142.7,-5.54
1142.72,-5.12
1142.74,-5.8
1142.76,-6.07
1142.78,-6.94
1142.8,-6.79
1142.82,-7.58
1142.84,-8.2
1142.86,-7.51
1142.88,-7.93
1142.9,-8.56
1142.92,-9.14
1142.94,-8.79
1142.96,-9.01
1142.98,-10.46
1143,-8.78
1143.02,-8.46
1143.04,-8.3
1143.06,-8.61
1143.08,-8.48
1143.1,-9.97
1143.12,-10.17
1143.14,-10.01
1143.16,-9.88
1143.18,-11.71
1143.2,-12.15
1143.22,-12.63
1143.24,-12.59
1143.26,-12.49
1143.28,-11.67
1143.3,-12.02
1143.32,-12.37
1143.34,-13.34
1143.36,-12.68
1143.38,-12.27
1143.4,-11.96
1143.42,-12.2
1143.44,-13.05
1143.46,-12.89
1143.48,-12.18
1143.5,-12.66
1143.52,-11.12
1143.54,-8.83
1143.56,-9.7
1143.58,-13.18
1143.6,-12.76
1143.62,-12.78
1143.64,-12.46
1143.66,-11.39
1143.68,-11.14
1143.7,-12.8
1143.72,-11.82
1143.74,-11.83
1143.76,-10.31
1143.78,-9.58
1143.8,-10.26
1143.82,-11.61
1143.84,-9.59
1143.86,-8.16
1143.88,-6.55
1143.9,-5.13
1143.92,-4.64
1143.94,-3.17
1143.96,-2.72
1143.98,-2.11
1144,-1
1144.02,0.71
1144.04,2.19
1144.06,3.61
1144.08,5.3
1144.1,6.89
1144.12,8.24
1144.14,9.1
1144.16,10.6
1144.18,13.46
1144.2,-27.06
1144.22,16.6
1144.24,-24.82
1144.26,-24.23
1144.28,-23.39
1144.3,-23.26
1144.32,-20.51
1144.34,-19.48
1144.36,-18.59
1144.38,-17.28
1144.4,-15.84
1144.42,-15.56
1144.44,-17.23
1144.46,-17.63
1144.48,-16.78
1144.5,25.37
1144.52,24.68
1144.54,24.71
1144.56,25.42
1144.58,25.18
1144.6,24.57
1144.62,24.25
1144.64,22.8
1144.66,21.1
1144.68,19.18
1144.7,17.4
1144.72,15.88
1144.74,15.04
1144.76,12.82
1144.78,11.16
1144.8,10.11
1144.82,8
1144.84,5.45
1144.86,4.96
1144.88,3.18
1144.9,1.1
1144.92,-0.44
1144.94,-1.19
1144.96,-3.01
1144.98,-4.59
1145,-5.11
1145.02,-5.35
1145.04,-7.38
1145.06,-8.63
1145.08,-9.34
1145.1,-10.12
1145.12,-11.22
1145.14,-12.45
1145.16,-14.11
1145.18,-14.65
1145.2,-15.69
1145.22,-15.87
1145.24,-17.05
1145.26,-15.55
1145.28,-16.33
1145.3,-16.93
1145.32,-18.38
1145.34,-17.98
1145.36,-18.92
1145.38,-19.04
1145.4,-18.88
1145.42,-19.38
1145.44,-20.06
1145.46,-21.12
1145.48,-21.75
1145.5,-20.61
1145.52,-21.03
1145.54,-21.91
1145.56,-21.17
1145.58,-20.11
1145.6,-21.56
1145.62,-20.69
1145.64,-21.21
1145.66,-21.22
1145.68,-20.84
1145.7,-22
1145.72,-21.28
1145.74,-21.01
1145.76,-21.18
1145.78,-20.36
1145.8,-19.91
1145.82,-18.86
1145.84,-18.19
1145.86,-19.02
1145.88,-19.08
1145.9,-20
1145.92,-18.32
1145.94,-18.76
1145.96,-19.08
1145.98,-17.06
1146,-15.73
1146.02,-18.03
1146.04,-16.96
1146.06,-15.85
1146.08,-16.11
1146.1,-15.31
1146.12,-15
1146.14,-13.67
1146.16,-11.94
1146.18,-12.31
1146.2,-11.45
1146.22,-10.81
1146.24,-10.59
1146.26,-9.93
1146.28,-10.25
1146.3,-8.72
1146.32,-8.34
1146.34,-6.84
1146.36,-5.77
1146.38,-5.06
1146.4,-4.19
1146.42,-2.8
1146.44,-1.91
1146.46,-0.98
1146.48,-0.55
1146.5,0.27
1146.52,1.66
1146.54,2.73
1146.56,4.28
1146.58,5.6
1146.6,6.64
1146.62,7.49
1146.64,8.55
1146.66,9.27
1146.68,9.74
1146.7,10.85
1146.72,11.32
1146.74,11.94
1146.76,13.54
1146.78,16.1
1146.8,17.27
1146.82,17.35
1146.84,16.97
1146.86,17.14
1146.88,18.07
1146.9,18.92
1146.92,19.77
1146.94,20.68
1146.96,20.61
1146.98,21.13
1147,20.96
1147.02,21.52
1147.04,20.6
1147.06,20.13
1147.08,19.76
1147.1,21.6
1147.12,20.79
1147.14,20.53
1147.16,18.98
1147.18,18.83
1147.2,17.49
1147.22,16.24
1147.24,15.54
1147.26,14.58
1147.28,14.16
1147.3,13.2
1147.32,12.4
1147.34,12.7
1147.36,11.58
1147.38,9.69
1147.4,8.32
1147.42,7.24
1147.44,5.96
1147.46,4.86
1147.48,2.78
1147.5,1.05
1147.52,0.16
1147.54,-1.41
1147.56,-2.75
1147.58,-4.72
1147.6,-6.03
1147.62,-7.21
1147.64,-8.53
1147.66,-9.14
1147.68,-10.51
1147.7,-10.54
1147.72,-11.3
1147.74,-12.12
1147.76,-12.88
1147.78,-14.81
1147.8,-16.9
1147.82,-21.09
1147.84,-19.49
1147.86,-19.94
1147.88,-20.17
1147.9,-20.5
1147.92,-21.42
1147.94,-21.25
1147.96,-22.26
1147.98,-21.27
1148,-22.64
1148.02,-23.24
1148.04,-24.37
1148.06,-24.63
1148.08,-24.41
1148.1,-24.73
1148.12,-24.15
1148.14,-24.13
1148.16,-24.27
1148.18,-24.78
1148.2,-25.31
1148.22,-23.87
1148.24,-24.05
1148.26,-23.52
1148.28,-23.28
1148.3,-22.58
1148.32,-22.29
1148.34,-22.12
1148.36,-21.87
1148.38,-19.26
1148.4,-19.69
1148.42,-19.49
1148.44,-19.64
1148.46,-19.66
1148.48,-19.04
1148.5,-18.17
1148.52,-17.57
1148.54,-17.91
1148.56,-17.48
1148.58,-16.3
1148.6,-14.84
1148.62,-13.7
1148.64,-12.67
1148.66,-11.58
1148.68,-10.79
1148.7,-9.42
1148.72,-8.63
1148.74,-7.94
1148.76,-6.97
1148.78,-5.25
1148.8,-3.96
1148.82,-2.45
1148.84,-0.03
1148.86,1.08
1148.88,1.82
1148.9,2.64
1148.92,4.04
1148.94,4.78
1148.96,6.3
1148.98,7.63
1149,8.78
1149.02,9.82
1149.04,10.26
1149.06,11.01
1149.08,11.06
1149.1,10.92
1149.12,11.83
1149.14,11.04
1149.16,12.3
1149.18,13.21
1149.2,14.21
1149.22,15
1149.24,14.8
1149.26,14.35
1149.28,14.42
1149.3,13.56
1149.32,12.7
1149.34,12.25
1149.36,12.13
1149.38,11.92
1149.4,11.37
1149.42,10.58
1149.44,9.45
1149.46,8.77
1149.48,8.27
1149.5,7.92
1149.52,7.91
1149.54,7.51
1149.56,6.95
1149.58,6.73
1149.6,5.82
1149.62,4.88
1149.64,4
1149.66,3.47
1149.68,2.54
1149.7,2.17
1149.72,1.64
1149.74,1.34
1149.76,1.07
1149.78,0.33
1149.8,-0.6
1149.82,-2.13
1149.84,-3.61
1149.86,-4.74
1149.88,-6.37
1149.9,-6.99
1149.92,-5.73
1149.94,-7.5
1149.96,-9.96
1149.98,-9.06
1150,-10.4
1150.02,-10.82
1150.04,-12.08
1150.06,-12.81
1150.08,-15.12
1150.1,-15.07
1150.12,-13.34
1150.14,-12.75
1150.16,-15.69
1150.18,-17.04
1150.2,-17.79
1150.22,24.7
1150.24,24.37
1150.26,-18.1
1150.28,-18.3
1150.3,-18.64
1150.32,-19.38
1150.34,-18.94
1150.36,-17.45
1150.38,-19.35
1150.4,-20.66
1150.42,-19.33
1150.44,-19.37
1150.46,-19.95
1150.48,-19.59
1150.5,-19.69
1150.52,-18.46
1150.54,-18.16
1150.56,-15.48
1150.58,-15.89
1150.6,-18
1150.62,-16.97
1150.64,-15.53
1150.66,-14.92
1150.68,-14.41
1150.7,-13.31
1150.72,-13.01
1150.74,-11.42
1150.76,-9.54
1150.78,-9.66
1150.8,-8.85
1150.82,-8.08
1150.84,-7.18
1150.86,-6.58
1150.88,-5.41
1150.9,-4.73
1150.92,-3.53
1150.94,-2.53
1150.96,-1.35
1150.98,-0.42
1151,-0.02
1151.02,0.56
1151.04,1.42
1151.06,2.14
1151.08,3.26
1151.1,4.09
1151.12,5.26
1151.14,5.01
1151.16,5.07
1151.18,5.17
1151.2,5.78
1151.22,6.34
1151.24,6.38
1151.26,6.28
1151.28,8.53
1151.3,8.72
1151.32,8.67
1151.34,8.9
1151.36,8.66
1151.38,8.2
1151.4,8.25
1151.42,8.19
1151.44,7.9
1151.46,8.59
1151.48,8.28
1151.5,9.79
1151.52,9.58
1151.54,9.4
1151.56,9.23
1151.58,7.73
1151.6,8.68
1151.62,7.46
1151.64,7.33
1151.66,7.74
1151.68,8.18
1151.7,8.78
1151.72,8.41
1151.74,8.94
1151.76,8.22
1151.78,7.98
1151.8,7.53
1151.82,7.27
1151.84,7.55
1151.86,7.24
1151.88,7.43
1151.9,7.32
1151.92,7.17
1151.94,6.7
1151.96,6.45
1151.98,6.52
1152,5.88
1152.02,6
1152.04,6.32
1152.06,6.36
1152.08,6.15
1152.1,5.91
1152.12,5.62
1152.14,5.45
1152.16,5.38
1152.18,4.67
1152.2,4.13
1152.22,3.59
1152.24,2.92
1152.26,2.79
1152.28,2.29
1152.3,1.63
1152.32,1.45
1152.34,0.61
1152.36,0.03
1152.38,-0.66
1152.4,-1.17
1152.42,-2.27
1152.44,-2.07
1152.46,-2.94
1152.48,-3.13
1152.5,-3.86
1152.52,-4.59
1152.54,-5.17
1152.56,-5.32
1152.58,-5.89
1152.6,-6
1152.62,-6.02
1152.64,-6.4
1152.66,-6.7
1152.68,-7.42
1152.7,-7.88
1152.72,-8.64
1152.74,-9.44
1152.76,-9.83
1152.78,-8.71
1152.8,-8.97
1152.82,-9.08
1152.84,-9.59
1152.86,-9.61
1152.88,-9.28
1152.9,-9.35
1152.92,-9.41
1152.94,-9.86
1152.96,-9.15
1152.98,-8.11
1153,-9.51
1153.02,-9.19
1153.04,-8.79
1153.06,-9.5
1153.08,-9.62
1153.1,-10.1
1153.12,-9.38
1153.14,-9.64
1153.16,-8.7
1153.18,-8.68
1153.2,-10.32
1153.22,-8.3
1153.24,-8.76
1153.26,-8.94
1153.28,-8.04
1153.3,-7.8
1153.32,-7.31
1153.34,-8.53
1153.36,-7.25
1153.38,-6.99
1153.4,-8.02
1153.42,-8.33
1153.44,-9
1153.46,-9.09
1153.48,-8.2
1153.5,-8.52
1153.52,-7.51
1153.54,-7.27
1153.56,-7.83
1153.58,-6.85
1153.6,-6.94
1153.62,-7.04
1153.64,-5.82
1153.66,-5.34
1153.68,-5.9
1153.7,-5.09
1153.72,-4.31
1153.74,-4.77
1153.76,-4.15
1153.78,-3.51
1153.8,-2.54
1153.82,-1.38
1153.84,-0.33
1153.86,0.32
1153.88,1.63
1153.9,1.88
1153.92,3.35
1153.94,4.84
1153.96,5.51
1153.98,6.59
1154,7.29
1154.02,7.68
1154.04,8.77
1154.06,8.95
1154.08,10.15
1154.1,12.45
1154.12,13.13
1154.14,13.85
1154.16,13.9
1154.18,14.65
1154.2,15.02
1154.22,15.87
1154.24,17.45
1154.26,16.77
1154.28,16.95
1154.3,17.58
1154.32,19.08
1154.34,18.06
1154.36,17.48
1154.38,17.79
1154.4,17.31
1154.42,17.05
1154.44,16.28
1154.46,16.47
1154.48,16.12
1154.5,14.3
1154.52,14.03
1154.54,13.16
1154.56,12.2
1154.58,11.73
1154.6,11.32
1154.62,9.47
1154.64,9.02
1154.66,8.29
1154.68,7.45
1154.7,6.64
1154.72,6.56
1154.74,5.89
1154.76,7.04
1154.78,5.67
1154.8,4.83
1154.82,2.81
1154.84,2.58
1154.86,2.23
1154.88,0.36
1154.9,0.19
1154.92,-1.59
1154.94,-2.24
1154.96,-2.83
1154.98,-3.78
1155,-4.65
1155.02,-5.48
1155.04,-6.57
1155.06,-7.44
1155.08,-7.81
1155.1,-8.67
1155.12,-8.62
1155.14,-9.45
1155.16,-10.73
1155.18,-11.03
1155.2,-11.69
1155.22,-12.18
1155.24,-12.7
1155.26,-13.87
1155.28,-11.67
1155.3,-11.19
1155.32,-12.37
1155.34,-13.83
1155.36,-12.96
1155.38,-14.2
1155.4,-14.36
1155.42,-14.06
1155.44,-13.58
1155.46,-13.56
1155.48,-14.2
1155.5,-15.3
1155.52,-16.34
1155.54,-15.91
1155.56,-15.83
1155.58,-15.75
1155.6,-16.11
1155.62,-16.26
1155.64,-15.09
1155.66,-15.74
1155.68,-15.52
1155.7,-15.78
1155.72,-15.82
1155.74,-15.99
1155.76,-14.45
1155.78,-14.18
1155.8,-12.45
1155.82,-12.78
1155.84,-12.8
1155.86,-12.92
1155.88,-11.52
1155.9,-12.29
1155.92,-11.17
1155.94,-11.05
1155.96,-10.48
1155.98,-9.71
1156,-10.44
1156.02,-8.45
1156.04,-8.17
1156.06,-4.81
1156.08,-5.25
1156.1,-5.01
1156.12,-3.37
1156.14,-2.53
1156.16,-2.45
1156.18,-1.51
1156.2,-1.19
1156.22,-0.95
1156.24,-0.08
1156.26,0.16
1156.28,2.14
1156.3,3.07
1156.32,4.32
1156.34,5.97
1156.36,6.95
1156.38,7.09
1156.4,7.25
1156.42,10.65
1156.44,10.12
1156.46,12.54
1156.48,11.16
1156.5,14.63
1156.52,12.47
1156.54,15.99
1156.56,17.73
1156.58,19.07
1156.6,20.26
1156.62,20.71
1156.64,20.21
1156.66,21.7
1156.68,21.84
1156.7,21.84
1156.72,22.38
1156.74,23.08
1156.76,23.29
1156.78,22.38
1156.8,21.42
1156.82,20.38
1156.84,20.28
1156.86,20.83
1156.88,19.96
1156.9,21.33
1156.92,20.09
1156.94,20.21
1156.96,19.3
1156.98,19.95
1157,17.51
1157.02,16.41
1157.04,15.25
1157.06,15.12
1157.08,14.87
1157.1,14.33
1157.12,13.64
1157.14,12.18
1157.16,11.29
1157.18,9.6
1157.2,8.24
1157.22,6.91
1157.24,6.1
1157.26,4.82
1157.28,2.96
1157.3,1.69
1157.32,0.29
1157.34,0.08
1157.36,-1.33
1157.38,-2.48
1157.4,-3.74
1157.42,-4.15
1157.44,-5.45
1157.46,-6.72
1157.48,-8.39
1157.5,-8.71
1157.52,-9.58
1157.54,-11
1157.56,-11.82
1157.58,-12.47
1157.6,-12.04
1157.62,-12.24
1157.64,-12.84
1157.66,-14.31
1157.68,-14.71
1157.7,-14.65
1157.72,-14.98
1157.74,-16.2
1157.76,-16.27
1157.78,-17.11
1157.8,-17.81
1157.82,-17.38
1157.84,-18.19
1157.86,-17.4
1157.88,-17.85
1157.9,-18.7
1157.92,-18.52
1157.94,-18.31
1157.96,-18.72
1157.98,-17.61
1158,-16.52
1158.02,-16.81
1158.04,-16.4
1158.06,-17.04
1158.08,-15.65
1158.1,-15.33
1158.12,-14.82
1158.14,-14.81
1158.16,-14.29
1158.18,-14.56
1158.2,-14.29
1158.22,-14.37
1158.24,-12.6
1158.26,-10.43
1158.28,-10.9
1158.3,-11.17
1158.32,-11.18
1158.34,-10.87
1158.36,-10.45
1158.38,-11
1158.4,-10.02
1158.42,-8.75
1158.44,-9.41
1158.46,-7.86
1158.48,-7.72
1158.5,-6.66
1158.52,-5.71
1158.54,-5.15
1158.56,-4.61
1158.58,-3.99
1158.6,-3.66
1158.62,-2.92
1158.64,-2.23
1158.66,-0.77
1158.68,0.86
1158.7,2.19
1158.72,4.11
1158.74,4.62
1158.76,5.39
1158.78,6.46
1158.8,7.41
1158.82,8.74
1158.84,9.92
1158.86,11.12
1158.88,11.66
1158.9,12.53
1158.92,13.56
1158.94,14.57
1158.96,15.48
1158.98,16.56
1159,17.44
1159.02,18.96
1159.04,18.63
1159.06,18.81
1159.08,19.2
1159.1,20.03
1159.12,20.07
1159.14,20.39
1159.16,20.87
1159.18,21.26
1159.2,21.29
1159.22,21.29
1159.24,22.41
1159.26,21.58
1159.28,21.63
1159.3,22.04
1159.32,21.63
1159.34,21.31
1159.36,20.77
1159.38,20.5
1159.4,20.9
1159.42,19.74
1159.44,19.62
1159.46,18.45
1159.48,17.98
1159.5,16.97
1159.52,16.57
1159.54,15.66
1159.56,14.98
1159.58,14.6
1159.6,14.09
1159.62,13.44
1159.64,11.9
1159.66,11.01
1159.68,9.98
1159.7,8.9
1159.72,7.93
1159.74,7.06
1159.76,5.77
1159.78,5.47
1159.8,4.57
1159.82,3.79
1159.84,2.54
1159.86,1.73
1159.88,0.71
1159.9,0.02
1159.92,-0.44
1159.94,-0.67
1159.96,-1.46
1159.98,-2.1
1160,-2.5
1160.02,-2.61
1160.04,-4.35
1160.06,-4.6
1160.08,-5.05
1160.1,-5.6
1160.12,-6.23
1160.14,-6.39
1160.16,-6.67
1160.18,-7.04
1160.2,-7.73
1160.22,-8.38
1160.24,-8.85
1160.26,-9.26
1160.28,-9.83
1160.3,-10.12
1160.32,-10.89
1160.34,-11.05
1160.36,-11.81
1160.38,-12.78
1160.4,-13.63
1160.42,-14.4
1160.44,-14.42
1160.46,-14.72
1160.48,-15.55
1160.5,-15.91
1160.52,-15.54
1160.54,-16.7
1160.56,-16.5
1160.58,-17.12
1160.6,-16.99
1160.62,-16.75
1160.64,-16.99
1160.66,-18.42
1160.68,-18.4
1160.7,-19.25
1160.72,-18.6
1160.74,-19.58
1160.76,-19.88
1160.78,-20.77
1160.8,-20.04
1160.82,-20.81
1160.84,-19.52
1160.86,-20.34
1160.88,-19.48
1160.9,-19.44
1160.92,-18.87
1160.94,-18.82
1160.96,-16.76
1160.98,-16.45
1161,-14.95
1161.02,-13.95
1161.04,-13.55
1161.06,-12.59
1161.08,-11.97
1161.1,-10.8
1161.12,-9.22
1161.14,-8.02
1161.16,-7.28
1161.18,-6.43
1161.2,-5.16
1161.22,-4.32
1161.24,-3.44
1161.26,-1.55
1161.28,-0.01
1161.3,1.32
1161.32,2.7
1161.34,3.79
1161.36,5.31
1161.38,6.15
1161.4,7.42
1161.42,8.71
1161.44,10.45
1161.46,11.91
1161.48,13.05
1161.5,13.69
1161.52,14.59
1161.54,15.11
1161.56,16.25
1161.58,15.78
1161.6,15.53
1161.62,16.27
1161.64,17.58
1161.66,17.34
1161.68,18.8
1161.7,19.27
1161.72,19.55
1161.74,19.72
1161.76,19.52
1161.78,18.52
1161.8,17.41
1161.82,16.89
1161.84,16.03
1161.86,15.04
1161.88,14.69
1161.9,13.62
1161.92,13.05
1161.94,12.34
1161.96,11.08
1161.98,10.51
1162,9
1162.02,7.8
1162.04,6.39
1162.06,5.25
1162.08,4.08
1162.1,3.97
1162.12,1.65
1162.14,1.29
1162.16,0.31
1162.18,-0.66
1162.2,-1.02
1162.22,-2.22
1162.24,-2.7
1162.26,-2.53
1162.28,-4.17
1162.3,-4.98
1162.32,-5.22
1162.34,-6.47
1162.36,-5.92
1162.38,-6.33
1162.4,-6.5
1162.42,-6.35
1162.44,-6.54
1162.46,-6.06
1162.48,-6.25
1162.5,-6.02
1162.52,-5.54
1162.54,-5.62
1162.56,-5.04
1162.58,-4.61
1162.6,-4
1162.62,-3.37
1162.64,-2.68
1162.66,-2.05
1162.68,-0.55
1162.7,-0.05
1162.72,1.12
1162.74,2.07
1162.76,3.23
1162.78,3.55
1162.8,4.96
1162.82,5.75
1162.84,6.32
1162.86,7.29
1162.88,8.01
1162.9,9.11
1162.92,9.96
1162.94,10.42
1162.96,10.68
1162.98,11.13
1163,11.64
1163.02,12.05
1163.04,12.01
1163.06,12.05
1163.08,11.91
1163.1,13.04
1163.12,11.88
1163.14,12.33
1163.16,12.54
1163.18,12.02
1163.2,11.61
1163.22,11.04
1163.24,10.45
1163.26,10.17
1163.28,9.17
1163.3,9.42
1163.32,8.49
1163.34,7.99
1163.36,7.6
1163.38,6.94
1163.4,5.81
1163.42,5.08
1163.44,4.68
1163.46,3.7
1163.48,3.03
1163.5,1.73
1163.52,1.17
1163.54,0.2
1163.56,-0.47
1163.58,-0.93
1163.6,-2.09
1163.62,-2.71
1163.64,-2.87
1163.66,-3.51
1163.68,-3.91
1163.7,-4.67
1163.72,-4.84
1163.74,-5.03
1163.76,-5.62
1163.78,-5.2
1163.8,-5.53
1163.82,-5.09
1163.84,-5.51
1163.86,-5.57
1163.88,-5.32
1163.9,-5
1163.92,-5.13
1163.94,-5.12
1163.96,-4.26
1163.98,-4.06
1164,-3.74
1164.02,-3.23
1164.04,-2.93
1164.06,-2.33
1164.08,-1.74
1164.1,-0.95
1164.12,-0.77
1164.14,-0.07
1164.16,0.47
1164.18,1.03
1164.2,1.97
1164.22,2.79
1164.24,3.26
1164.26,3.88
1164.28,4.69
1164.3,5.64
1164.32,6.59
1164.34,6.94
1164.36,7.61
1164.38,8.22
1164.4,8.31
1164.42,9.15
1164.44,9.64
1164.46,10.17
1164.48,10.39
1164.5,10.69
1164.52,10.58
1164.54,10.93
1164.56,11.05
1164.58,11.44
1164.6,11.36
1164.62,11.77
1164.64,11.98
1164.66,11.4
1164.68,11.9
1164.7,11.51
1164.72,11.39
1164.74,11.21
1164.76,11.18
1164.78,10.9
1164.8,10.96
1164.82,10.33
1164.84,9.97
1164.86,10.71
1164.88,10.31
1164.9,8.87
1164.92,8.26
1164.94,6.35
1164.96,5.61
1164.98,5.43
1165,4.47
1165.02,3.49
1165.04,3.21
1165.06,2.22
1165.08,1.29
1165.1,0.2
1165.12,-0.31
1165.14,-1.02
1165.16,-1.93
1165.18,-2.58
1165.2,-2.98
1165.22,-3.47
1165.24,-4.22
1165.26,-4.65
1165.28,-4.66
1165.3,-5.06
1165.32,-5.13
1165.34,-5.34
1165.36,-5.61
1165.38,-6.17
1165.4,-6.06
1165.42,-6.07
1165.44,-6.28
1165.46,-6.19
1165.48,-5.76
1165.5,-6.15
1165.52,-5.96
1165.54,-6.06
1165.56,-5.32
1165.58,-4.89
1165.6,-5.19
1165.62,-5.45
1165.64,-4.6
1165.66,-4.3
1165.68,-3.47
1165.7,-3.18
1165.72,-2.79
1165.74,-2.41
1165.76,-1.88
1165.78,-1.59
1165.8,-1.02
1165.82,-0.84
1165.84,0.02
1165.86,0.76
1165.88,0.92
1165.9,1.22
1165.92,2.02
1165.94,2.33
1165.96,2.61
1165.98,3.05
1166,3.59
1166.02,4.18
1166.04,4.57
1166.06,4.98
1166.08,5.04
1166.1,5.45
1166.12,5.87
1166.14,5.83
1166.16,6.13
1166.18,6.77
1166.2,6.53
1166.22,6.16
1166.24,6.48
1166.26,6.64
1166.28,6.36
1166.3,6.53
1166.32,6.42
1166.34,6.36
1166.36,6.7
1166.38,6.29
1166.4,6.48
1166.42,7.19
1166.44,6.79
1166.46,6.95
1166.48,7.32
1166.5,7.04
1166.52,6.97
1166.54,7.19
1166.56,6.98
1166.58,6.46
1166.6,6.17
1166.62,5.79
1166.64,6.3
1166.66,5.79
1166.68,5.45
1166.7,5.14
1166.72,4.68
1166.74,4.7
1166.76,4.63
1166.78,4.39
1166.8,4.36
1166.82,3.79
1166.84,3.6
1166.86,3.28
1166.88,2.81
1166.9,2.39
1166.92,2.03
1166.94,1.63
1166.96,1.12
1166.98,0.72
1167,0.16
1167.02,0.15
1167.04,-0.13
1167.06,-0.74
1167.08,-1.09
1167.1,-1.62
1167.12,-2.1
1167.14,-2.2
1167.16,-2.39
1167.18,-2.76
1167.2,-3
1167.22,-3.55
1167.24,-3.64
1167.26,-4.58
1167.28,-4.17
1167.3,-4.08
1167.32,-4.1
1167.34,-4.56
1167.36,-4.36
1167.38,-5.04
1167.4,-4.59
1167.42,-4.87
1167.44,-4.86
1167.46,-5.02
1167.48,-5.27
1167.5,-5.34
1167.52,-5.78
1167.54,-5.78
1167.56,-5.89
1167.58,-5.84
1167.6,-5.92
1167.62,-5.15
1167.64,-4.94
1167.66,-4.65
1167.68,-4.21
1167.7,-4.51
1167.72,-3.93
1167.74,-4.42
1167.76,-4.54
1167.78,-4.84
1167.8,-5.02
1167.82,-4.91
1167.84,-5.08
1167.86,-4.67
1167.88,-4.9
1167.9,-4.79
1167.92,-4.44
1167.94,-4.55
1167.96,-3.9
1167.98,-4.12
1168,-3.88
1168.02,-3.83
1168.04,-3.81
1168.06,-3.37
1168.08,-2.8
1168.1,-2.93
1168.12,-2.57
1168.14,-2.18
1168.16,-1.73
1168.18,-1.33
1168.2,-1.21
1168.22,-0.82
1168.24,-0.36
1168.26,0.16
1168.28,0.18
1168.3,1.06
1168.32,1.56
1168.34,2.11
1168.36,2.4
1168.38,2.6
1168.4,3.18
1168.42,4.29
1168.44,4.79
1168.46,5.8
1168.48,6.83
1168.5,7.51
1168.52,8.84
1168.54,9.62
1168.56,10.74
1168.58,11.99
1168.6,12.63
1168.62,13.24
1168.64,13.71
1168.66,14.25
1168.68,14.93
1168.7,16.04
1168.72,16.41
1168.74,16.97
1168.76,17.5
1168.78,18.24
1168.8,18.81
1168.82,19.31
1168.84,19.69
1168.86,19.21
1168.88,19.86
1168.9,19.86
1168.92,18.3
1168.94,17.9
1168.96,17.5
1168.98,17.34
1169,15.71
1169.02,16.38
1169.04,15.75
1169.06,14.53
1169.08,13.5
1169.1,12.71
1169.12,11.62
1169.14,10.18
1169.16,9.02
1169.18,7.28
1169.2,6.23
1169.22,4.76
1169.24,3.04
1169.26,1.84
1169.28,0.26
1169.3,-1.12
1169.32,-1.83
1169.34,-4.14
1169.36,-5
1169.38,-7.05
1169.4,-7.44
1169.42,-8.67
1169.44,-9.65
1169.46,-10.92
1169.48,-11.49
1169.5,-13.13
1169.52,-13.09
1169.54,-13.19
1169.56,-13.75
1169.58,-12.82
1169.6,-13.3
1169.62,-13.99
1169.64,-14.43
1169.66,-14.91
1169.68,-16.28
1169.7,-16.49
1169.72,-16.54
1169.74,-16.22
1169.76,-16.37
1169.78,-15.89
1169.8,-16.87
1169.82,-16.73
1169.84,-16.49
1169.86,-15.49
1169.88,-15.77
1169.9,-15.36
1169.92,-16.39
1169.94,-16.59
1169.96,-16.74
1169.98,-15.95
1170,-15.37
1170.02,-15.2
1170.04,-14.43
1170.06,-14.46
1170.08,-13.91
1170.1,-11.99
1170.12,-14.61
1170.14,-11.82
1170.16,-12.52
1170.18,-12.41
1170.2,-12.02
1170.22,-10.39
1170.24,-8.93
1170.26,-7.97
1170.28,-7.07
1170.3,-5.66
1170.32,-5.21
1170.34,-4.88
1170.36,-4.34
1170.38,-3.1
1170.4,-2.47
1170.42,-1.06
1170.44,-0.65
1170.46,-0.05
1170.48,0.35
1170.5,1.28
1170.52,1.34
1170.54,1.68
1170.56,2.66
1170.58,2.76
1170.6,3.66
1170.62,3.94
1170.64,5.03
1170.66,5.28
1170.68,5.4
1170.7,5.65
1170.72,5.69
1170.74,6.53
1170.76,6.82
1170.78,6.76
1170.8,6.27
1170.82,6.27
1170.84,6.14
1170.86,5.94
1170.88,5.01
1170.9,4.13
1170.92,4.21
1170.94,2.73
1170.96,3.74
1170.98,4.02
1171,4.06
1171.02,3.71
1171.04,4.28
1171.06,3.34
1171.08,3.75
1171.1,3.43
1171.12,2.73
1171.14,2.72
1171.16,2.52
1171.18,1.9
1171.2,2.2
1171.22,2.03
1171.24,1.71
1171.26,2.05
1171.28,1.56
1171.3,2
1171.32,2.11
1171.34,1.62
1171.36,1.99
1171.38,1.99
1171.4,2.08
1171.42,1.84
1171.44,1.78
1171.46,1.26
1171.48,2.09
1171.5,1.42
1171.52,1.61
1171.54,1.1
1171.56,1.62
1171.58,1.44
1171.6,1.33
1171.62,1.82
1171.64,2.1
1171.66,1.94
1171.68,1.11
1171.7,1.24
1171.72,0.84
1171.74,1.24
1171.76,1.11
1171.78,1.2
1171.8,1.45
1171.82,1.48
1171.84,1.54
1171.86,1.11
1171.88,1.44
1171.9,1.14
1171.92,0.97
1171.94,0.28
1171.96,0.15
1171.98,0.27
1172,0.15
1172.02,-0.1
1172.04,0.12
1172.06,-0.87
1172.08,-1
1172.1,-1.1
1172.12,-1.56
1172.14,-1.72
1172.16,-1.45
1172.18,-1.24
1172.2,-1.5
1172.22,-2.43
1172.24,-1.37
1172.26,-1.89
1172.28,-2.41
1172.3,-2.98
1172.32,-2.85
1172.34,-3.52
1172.36,-3.44
1172.38,-3.05
1172.4,-3.47
1172.42,-3.03
1172.44,-3.46
1172.46,-3.14
1172.48,-3.42
1172.5,-3.72
1172.52,-3.54
1172.54,-3.82
1172.56,-4.27
1172.58,-4.46
1172.6,-4.64
1172.62,-4.56
1172.64,-4.16
1172.66,-4.8
1172.68,-4.23
1172.7,-4.45
1172.72,-4.09
1172.74,-3.65
1172.76,-4.15
1172.78,-3.66
1172.8,-3.47
1172.82,-4.12
1172.84,-3.45
1172.86,-3.18
1172.88,-2.9
1172.9,-2.65
1172.92,-2.48
1172.94,-2.17
1172.96,-2.17
1172.98,-2.01
1173,-1.83
1173.02,-1.8
1173.04,-1.5
1173.06,-1.56
1173.08,-1.43
1173.1,-1.23
1173.12,-1.63
1173.14,-1.49
1173.16,-1.33
1173.18,-1.29
1173.2,-1.13
1173.22,-1.32
1173.24,-1.32
1173.26,-1.44
1173.28,-1.4
1173.3,-1.47
1173.32,-1.69
1173.34,-1.55
1173.36,-1.74
1173.38,-1.87
1173.4,-2.16
1173.42,-1.98
1173.44,-1.98
1173.46,-2.32
1173.48,-2.76
1173.5,-2.99
1173.52,-2.98
1173.54,-3.08
1173.56,-3.02
1173.58,-2.89
1173.6,-2.77
1173.62,-2.92
1173.64,-2.8
1173.66,-2.88
1173.68,-2.85
1173.7,-2.48
1173.72,-2.14
1173.74,-2.18
1173.76,-1.99
1173.78,-1.7
1173.8,-1.72
1173.82,-1.26
1173.84,-0.99
1173.86,-0.99
1173.88,-0.42
1173.9,-0.45
1173.92,0.31
1173.94,0.17
1173.96,0.5
1173.98,0.56
1174,1.5
1174.02,1.38
1174.04,1.89
1174.06,2.19
1174.08,2.66
1174.1,2.74
1174.12,2.67
1174.14,3.23
1174.16,3.47
1174.18,3.58
1174.2,3.28
1174.22,3.85
1174.24,3.82
1174.26,3.86
1174.28,3.99
1174.3,4.23
1174.32,3.57
1174.34,4.22
1174.36,4.19
1174.38,4.58
1174.4,3.74
1174.42,4.47
1174.44,4.51
1174.46,4.5
1174.48,4.3
1174.5,4.34
1174.52,4.04
1174.54,3.73
1174.56,3.31
1174.58,3.23
1174.6,2.79
1174.62,2.4
1174.64,2.59
1174.66,2.47
1174.68,1.83
1174.7,1.77
1174.72,1.18
1174.74,1.25
1174.76,0.31
1174.78,-0.16
1174.8,-0.1
1174.82,-0.85
1174.84,-0.9
1174.86,-1.43
1174.88,-1.61
1174.9,-1.49
1174.92,-1.91
1174.94,-2.25
1174.96,-2.2
1174.98,-2.46
1175,-3.04
1175.02,-2.72
1175.04,-3
1175.06,-2.6
1175.08,-2.87
1175.1,-3.09
1175.12,-2.61
1175.14,-2.82
1175.16,-2.58
1175.18,-3.08
1175.2,-2.65
1175.22,-2.45
1175.24,-2.34
1175.26,-2.24
1175.28,-2.39
1175.3,-2.3
1175.32,-2.07
1175.34,-1.87
1175.36,-1.52
1175.38,-1.43
1175.4,-1.23
1175.42,-1.05
1175.44,-1
1175.46,-0.67
1175.48,-0.16
1175.5,0.44
1175.52,1.06
1175.54,0.94
1175.56,1.23
1175.58,1.38
1175.6,1.63
1175.62,2.25
1175.64,2.59
1175.66,2.9
1175.68,3.73
1175.7,4.38
1175.72,4.94
1175.74,5.59
1175.76,6.06
1175.78,6.67
1175.8,7.36
1175.82,7.95
1175.84,8.51
1175.86,9.3
1175.88,9.33
1175.9,10.08
1175.92,10.3
1175.94,10.99
1175.96,11.29
1175.98,11.98
1176,12.17
1176.02,12.9
1176.04,13.09
1176.06,13.37
1176.08,13.02
1176.1,13.13
1176.12,12.07
1176.14,12.26
1176.16,12.89
1176.18,12.37
1176.2,12.97
1176.22,12.32
1176.24,12.26
1176.26,12.02
1176.28,11.76
1176.3,11.49
1176.32,10.95
1176.34,10.08
1176.36,9.43
1176.38,8.63
1176.4,8.03
1176.42,7.22
1176.44,6.06
1176.46,5.38
1176.48,3.71
1176.5,3.41
1176.52,2.61
1176.54,0.78
1176.56,0.17
1176.58,-1.08
1176.6,-2.41
1176.62,-3.5
1176.64,-4.42
1176.66,-5.27
1176.68,-6.75
1176.7,-7.2
1176.72,-7.57
1176.74,-9.1
1176.76,-10
1176.78,-10.01
1176.8,-11.02
1176.82,-11.7
1176.84,-12.23
1176.86,-12.52
1176.88,-13.08
1176.9,-14.16
1176.92,-14.79
1176.94,-14.69
1176.96,-15.17
1176.98,-15.78
1177,-15.75
1177.02,-16.09
1177.04,-15.37
1177.06,-15.63
1177.08,-15.79
1177.1,-16.23
1177.12,-16.05
1177.14,-15.11
1177.16,-17.16
1177.18,-14.92
1177.2,-15.88
1177.22,-16.45
1177.24,-15.44
1177.26,-14.74
1177.28,-13.7
1177.3,-12.84
1177.32,-12.62
1177.34,-12.47
1177.36,-12.21
1177.38,-11.79
1177.4,-11.26
1177.42,-10.89
1177.44,-10.65
1177.46,-10.16
1177.48,-10.07
1177.5,-9.5
1177.52,-8.99
1177.54,-9.22
1177.56,-8.48
1177.58,-7.98
1177.6,-7.35
1177.62,-6.93
1177.64,-6.22
1177.66,-6.09
1177.68,-5.34
1177.7,-4.69
1177.72,-4.42
1177.74,-4.06
1177.76,-3.19
1177.78,-2.74
1177.8,-1.57
1177.82,-0.84
1177.84,-0.23
1177.86,0.78
1177.88,1.36
1177.9,2.17
1177.92,2.93
1177.94,4
1177.96,4.52
1177.98,5.35
1178,6.06
1178.02,7.45
1178.04,8.33
1178.06,8.38
1178.08,9.63
1178.1,9.5
1178.12,11.09
1178.14,11.53
1178.16,12.57
1178.18,13.58
1178.2,13.93
1178.22,15.62
1178.24,16.81
1178.26,16.92
1178.28,18.42
1178.3,18.85
1178.32,19.12
1178.34,20.46
1178.36,21.59
1178.38,21.53
1178.4,22.7
1178.42,22.39
1178.44,22.24
1178.46,21.8
1178.48,21.74
1178.5,22.03
1178.52,21.83
1178.54,21.84
1178.56,20.38
1178.58,20.82
1178.6,20.95
1178.62,20.19
1178.64,19.31
1178.66,18.46
1178.68,17.74
1178.7,17.36
1178.72,15.65
1178.74,14.26
1178.76,13.27
1178.78,11.22
1178.8,10.08
1178.82,8.68
1178.84,7.44
1178.86,6.47
1178.88,5.67
1178.9,4.01
1178.92,2.3
1178.94,1.27
1178.96,-0.78
1178.98,-1.93
1179,-3.16
1179.02,-3.58
1179.04,-4.41
1179.06,-5.7
1179.08,-6.55
1179.1,-6.65
1179.12,-8.03
1179.14,-8.82
1179.16,-9.72
1179.18,-10.06
1179.2,-10.82
1179.22,-11.33
1179.24,-11.63
1179.26,-12.8
1179.28,-12.96
1179.3,-13.92
1179.32,-14.53
1179.34,-15.03
1179.36,-15.24
1179.38,-15.69
1179.4,-16.68
1179.42,-17.27
1179.44,-17.04
1179.46,-17.07
1179.48,-17.54
1179.5,-16.31
1179.52,-16.69
1179.54,-18.51
1179.56,-18.11
1179.58,-18.33
1179.6,-18.68
1179.62,-19.01
1179.64,-19.24
1179.66,-17.58
1179.68,-23.01
1179.7,-21.68
1179.72,-20.09
1179.74,-20.1
1179.76,-19.61
1179.78,-19.74
1179.8,-19.8
1179.82,-19.37
1179.84,-19.22
1179.86,-20.39
1179.88,-20.57
1179.9,-21.29
1179.92,-20.32
1179.94,-21.08
1179.96,-20.77
1179.98,-20.71
1180,-20.09
1180.02,-19.5
1180.04,-19.89
1180.06,-20.06
1180.08,-19.8
1180.1,-19.05
1180.12,-19.62
1180.14,-18.59
1180.16,-17.56
1180.18,-17.2
1180.2,-17
1180.22,-18.19
1180.24,-16.8
1180.26,-15.04
1180.28,-14.29
1180.3,-13.28
1180.32,-12.02
1180.34,-10.79
1180.36,-10.61
1180.38,-9.29
1180.4,-7.25
1180.42,-6.41
1180.44,-5.22
1180.46,-3.97
1180.48,-2.44
1180.5,-1.42
1180.52,0.56
1180.54,1.22
1180.56,3.38
1180.58,4.93
1180.6,6.37
1180.62,-34.57
1180.64,-33.18
1180.66,-31.56
1180.68,-29.54
1180.7,-28.18
1180.72,-27.03
1180.74,-24.93
1180.76,-24.27
1180.78,-22.43
1180.8,-21.52
1180.82,-20.28
1180.84,-20.11
1180.86,-18.13
1180.88,-17.85
1180.9,25.49
1180.92,26.18
1180.94,27.31
1180.96,26.64
1180.98,26.68
1181,27.31
1181.02,27.07
1181.04,26.8
1181.06,25.89
1181.08,24.78
1181.1,25.5
1181.12,23.84
1181.14,23.12
1181.16,22.2
1181.18,21.14
1181.2,20.85
1181.22,-1.38
1181.24,-2.16
1181.26,16.75
1181.28,16.06
1181.3,14.47
1181.32,12.48
1181.34,10.52
1181.36,8.99
1181.38,6.67
1181.4,6.03
1181.42,4.46
1181.44,3.1
1181.46,0.92
1181.48,-1.37
1181.5,-2.98
1181.52,-4.49
1181.54,-5.3
1181.56,-6.22
1181.58,-7.05
1181.6,-7.61
1181.62,-9.44
1181.64,-10.61
1181.66,-12.17
1181.68,-12.65
1181.7,-12.93
1181.72,-13.83
1181.74,-13.38
1181.76,-13.56
1181.78,-13.39
1181.8,-13.73
1181.82,-15.08
1181.84,-16.28
1181.86,-15.98
1181.88,-15.93
1181.9,-18.33
1181.92,-16.38
1181.94,-17.65
1181.96,-17.15
1181.98,-18.62
1182,-19.68
1182.02,-20.51
1182.04,-21.27
1182.06,-19.84
1182.08,-18.49
1182.1,-18.73
1182.12,-18.67
1182.14,-20.31
1182.16,-19.53
1182.18,-18.59
1182.2,-19.29
1182.22,-19.03
1182.24,-20.68
1182.26,-21.32
1182.28,-18.81
1182.3,-18.89
1182.32,-21.16
1182.34,-20.17
1182.36,-19.64
1182.38,-18.58
1182.4,-19.33
1182.42,-18.58
1182.44,-18.08
1182.46,-19.91
1182.48,-19.5
1182.5,-20.54
1182.52,-19.95
1182.54,-19.79
1182.56,-21.04
1182.58,-21.27
1182.6,-19.99
1182.62,-18.12
1182.64,-18.19
1182.66,-18.87
1182.68,-17.04
1182.7,-17.22
1182.72,-17.73
1182.74,-16.83
1182.76,-18.38
1182.78,-18.56
1182.8,-18.98
1182.82,-18.57
1182.84,-17.44
1182.86,-17.25
1182.88,-17.21
1182.9,-16.75
1182.92,-16.57
1182.94,-15.44
1182.96,-14.02
1182.98,-13.38
1183,-12.02
1183.02,-11.24
1183.04,-10.83
1183.06,-8.79
1183.08,-7.65
1183.1,-6.36
1183.12,-5.54
1183.14,-3.81
1183.16,-1.96
1183.18,-0.67
1183.2,-0.17
1183.22,0.86
1183.24,2.3
1183.26,3.72
1183.28,5.61
1183.3,6.44
1183.32,8.11
1183.34,-33.51
1183.36,-31.76
1183.38,-30.64
1183.4,-28.85
1183.42,-26.58
1183.44,-24.89
1183.46,-23.29
1183.48,-22.47
1183.5,20.68
1183.52,21.15
1183.54,-20.57
1183.56,-22
1183.58,-22.61
1183.6,17.98
1183.62,19.42
1183.64,20.56
1183.66,19.82
1183.68,19.16
1183.7,18.6
1183.72,19
1183.74,18.66
1183.76,22.97
1183.78,18.89
1183.8,15.69
1183.82,16.54
1183.84,13.69
1183.86,10.89
1183.88,10.6
1183.9,9.3
1183.92,8.43
1183.94,7.81
1183.96,6.85
1183.98,5.45
1184,4
1184.02,2.26
1184.04,1.06
1184.06,-0.11
1184.08,-0.95
1184.1,-2.78
1184.12,-3.5
1184.14,-4.26
1184.16,-5.3
1184.18,-6.4
1184.2,-8.05
1184.22,-9.46
1184.24,-10.08
1184.26,-11.15
1184.28,-11.2
1184.3,-11.8
1184.32,-13.97
1184.34,-13.27
1184.36,-12.29
1184.38,-15.77
1184.4,-15.97
1184.42,-12.52
1184.44,-13.96
1184.46,-11.75
1184.48,-15.45
1184.5,-15.01
1184.52,-16.24
1184.54,-16.64
1184.56,-17.85
1184.58,-15
1184.6,-12.91
1184.62,-12.24
1184.64,-13.31
1184.66,-13.04
1184.68,-13.03
1184.7,-13.63
1184.72,-14.48
1184.74,-13.92
1184.76,-12.34
1184.78,-12.52
1184.8,-13.68
1184.82,-11.13
1184.84,-10.17
1184.86,-10.9
1184.88,-10.71
1184.9,-10.69
1184.92,-10.1
1184.94,-9.8
1184.96,-8.21
1184.98,-7.5
1185,-7.82
1185.02,-8
1185.04,-6.58
1185.06,-8.54
1185.08,-8.29
1185.1,-6.87
1185.12,-6.74
1185.14,-5.65
1185.16,-5.08
1185.18,-4.93
1185.2,-4.08
1185.22,-3.47
1185.24,-3.62
1185.26,-2.96
1185.28,-3.46
1185.3,-3.53
1185.32,-3.72
1185.34,-4.17
1185.36,-4.56
1185.38,-4.14
1185.4,-4.27
1185.42,-3.9
1185.44,-4.05
1185.46,-3.67
1185.48,-3.84
1185.5,-3.15
1185.52,-3.07
1185.54,-3.49
1185.56,-2.79
1185.58,-2.33
1185.6,-1.78
1185.62,-0.8
1185.64,-1.46
1185.66,-1.15
1185.68,-1.18
1185.7,-0.72
1185.72,-0.6
1185.74,-0.51
1185.76,-0.38
1185.78,0.34
1185.8,0.72
1185.82,1.03
1185.84,1.67
1185.86,1.99
1185.88,2.26
1185.9,2.53
1185.92,2.3
1185.94,3
1185.96,2.99
1185.98,3.09
1186,3.42
1186.02,4.69
1186.04,6.04
1186.06,7.08
1186.08,6.35
1186.1,6.62
1186.12,6.43
1186.14,6.41
1186.16,6.23
1186.18,7.46
1186.2,7.82
1186.22,7.86
1186.24,7.71
1186.26,7.57
1186.28,7.18
1186.3,7.65
1186.32,6.85
1186.34,6.21
1186.36,6.04
1186.38,5.58
1186.4,4.02
1186.42,5.22
1186.44,4.65
1186.46,4.95
1186.48,5.26
1186.5,4.41
1186.52,4.25
1186.54,3.49
1186.56,4.06
1186.58,3.74
1186.6,3.44
1186.62,3.39
1186.64,2.04
1186.66,2.47
1186.68,1.77
1186.7,1.75
1186.72,1.96
1186.74,1.64
1186.76,1.17
1186.78,1.23
1186.8,0.97
1186.82,1
1186.84,0.66
1186.86,0.71
1186.88,0.47
1186.9,0.47
1186.92,0.72
1186.94,0.95
1186.96,0.51
1186.98,1.01
1187,1.27
1187.02,0.9
1187.04,1.02
1187.06,1.46
1187.08,0.97
1187.1,1.08
1187.12,1.23
1187.14,0.87
1187.16,0.74
1187.18,1.19
1187.2,0.95
1187.22,1.18
1187.24,0.81
1187.26,1.13
1187.28,0.63
1187.3,0.17
1187.32,-0.16
1187.34,-0.03
1187.36,-0.26
1187.38,-1.01
1187.4,-1.26
1187.42,-1.34
1187.44,-1.54
1187.46,-1.88
1187.48,-2.15
1187.5,-2.61
1187.52,-3.11
1187.54,-3.43
1187.56,-3.78
1187.58,-4.41
1187.6,-4.11
1187.62,-4.66
1187.64,-4.27
1187.66,-4.17
1187.68,-4.3
1187.7,-4.6
1187.72,-4.73
1187.74,-5.1
1187.76,-4.64
1187.78,-4.74
1187.8,-4.69
1187.82,-4.66
1187.84,-4.14
1187.86,-4.37
1187.88,-4.57
1187.9,-3.43
1187.92,-2.88
1187.94,-3.83
1187.96,-2.51
1187.98,-1.78
1188,-1.88
1188.02,-1.53
1188.04,-1.14
1188.06,-0.15
1188.08,0.27
1188.1,0.59
1188.12,0.45
1188.14,0.85
1188.16,1.21
1188.18,1.43
1188.2,0.96
1188.22,1.34
1188.24,2.07
1188.26,2.46
1188.28,3.3
1188.3,3.24
1188.32,3.35
1188.34,3.53
1188.36,3.53
1188.38,4.43
1188.4,4.43
1188.42,4.23
1188.44,4.04
1188.46,3.87
1188.48,4.02
1188.5,3.99
1188.52,3.82
1188.54,3.78
1188.56,3.83
1188.58,4.16
1188.6,3.73
1188.62,3.22
1188.64,4.59
1188.66,3.73
1188.68,3.01
1188.7,3.09
1188.72,3.29
1188.74,3.14
1188.76,2.71
1188.78,2.41
1188.8,2.18
1188.82,1.91
1188.84,2.03
1188.86,1.71
1188.88,1.58
1188.9,1.69
1188.92,1.64
1188.94,1.65
1188.96,1.81
1188.98,1.83
1189,0.73
1189.02,0.48
1189.04,0.16
1189.06,-0.05
1189.08,-0.41
1189.1,-0.66
1189.12,-0.76
1189.14,-1.18
1189.16,-1.65
1189.18,-2.12
1189.2,-2.8
1189.22,-3.23
1189.24,-3
1189.26,-3.4
1189.28,-3.79
1189.3,-4.41
1189.32,-4.72
1189.34,-4.71
1189.36,-5.24
1189.38,-5.2
1189.4,-5.65
1189.42,-6.22
1189.44,-6.1
1189.46,-6.51
1189.48,-6.83
1189.5,-6.78
1189.52,-7.17
1189.54,-6.97
1189.56,-7.18
1189.58,-7.65
1189.6,-7.9
1189.62,-7.97
1189.64,-8.38
1189.66,-8.41
1189.68,-8.57
1189.7,-8.93
1189.72,-8.81
1189.74,-8.62
1189.76,-8.22
1189.78,-7.19
1189.8,-8.51
1189.82,-7.53
1189.84,-7.87
1189.86,-7.22
1189.88,-7.38
1189.9,-7.55
1189.92,-7.51
1189.94,-7.41
1189.96,-6.81
1189.98,-6.06
1190,-5.48
1190.02,-4.89
1190.04,-3.89
1190.06,-3.16
1190.08,-2.91
1190.1,-2.32
1190.12,-1.9
1190.14,-1.29
1190.16,-0.32
1190.18,-0.25
1190.2,0.1
1190.22,0.68
1190.24,1.57
1190.26,2.29
1190.28,2.57
1190.3,3.31
1190.32,4.17
1190.34,4.06
1190.36,4.58
1190.38,5.58
1190.4,6.68
1190.42,7.64
1190.44,8.5
1190.46,9.45
1190.48,10.14
1190.5,10.6
1190.52,10
1190.54,10.1
1190.56,9.63
1190.58,8.45
1190.6,9.25
1190.62,9.34
1190.64,10.16
1190.66,9.55
1190.68,9.31
1190.7,9.52
1190.72,9.27
1190.74,9.7
1190.76,9.25
1190.78,8.79
1190.8,9.03
1190.82,9.13
1190.84,9.01
1190.86,8.4
1190.88,7.54
1190.9,6.57
1190.92,5.27
1190.94,5.08
1190.96,4.74
1190.98,4.34
1191,4.25
1191.02,3.79
1191.04,3.11
1191.06,2.52
1191.08,2.02
1191.1,1.42
1191.12,0.6
1191.14,0.01
1191.16,-1.48
1191.18,-1.74
1191.2,-2.45
1191.22,-2.82
1191.24,-3.57
1191.26,-5.07
1191.28,-5.52
1191.3,-6
1191.32,-6.66
1191.34,-7.77
1191.36,-8.29
1191.38,-8.84
1191.4,-8.62
1191.42,-8.94
1191.44,-9.27
1191.46,-9.6
1191.48,-9.5
1191.5,-10.22
1191.52,-9.99
1191.54,-10.31
1191.56,-10.42
1191.58,-10.29
1191.6,-10.19
1191.62,-10.9
1191.64,-10.79
1191.66,-10.44
1191.68,-9.27
1191.7,-8.58
1191.72,-9.27
1191.74,-8.66
1191.76,-8.45
1191.78,-8.42
1191.8,-8.17
1191.82,-7.42
1191.84,-7.02
1191.86,-6.74
1191.88,-6.41
1191.9,-6.41
1191.92,-6.24
1191.94,-5.14
1191.96,-4.27
1191.98,-3.67
1192,-3.44
1192.02,-2.51
1192.04,-1.8
1192.06,-1.65
1192.08,-0.94
1192.1,-0.44
1192.12,-0.19
1192.14,0.24
1192.16,0.02
1192.18,0.69
1192.2,0.95
1192.22,1.34
1192.24,1.09
1192.26,1.21
1192.28,1.19
1192.3,1.12
1192.32,0.53
1192.34,0.48
1192.36,0.57
1192.38,-0.21
1192.4,-0.35
1192.42,-1.18
1192.44,-0.78
1192.46,-1.41
1192.48,-1.71
1192.5,-2.05
1192.52,-2.29
1192.54,-2.65
1192.56,-3.22
1192.58,-3.36
1192.6,-3.76
1192.62,-4.03
1192.64,-4.27
1192.66,-4.48
1192.68,-4.89
1192.7,-5.28
1192.72,-6.02
1192.74,-6.5
1192.76,-6.27
1192.78,-4.97
1192.8,-5.09
1192.82,-5.78
1192.84,-5.85
1192.86,-5.6
1192.88,-5.95
1192.9,-6.05
1192.92,-5.87
1192.94,-6.27
